rid,doi,title,year,venue,authors,tier,status,note,provenance,layer,scope,criterion
R461,10.1111/1540-6229.00410,An Investigation of the Major Influences of Residential Liquidity: A Multivariate Approach,1987,Real Estate Economics,Moore J,A/C,I,A/C residential liquidity 1987,HAND|HS,core,synthesis,C1 측정·정의·지수
R462,10.1111/1540-6229.00463,The Duration of Marketing Time of Residential Housing,1988,Real Estate Economics,D. Haurin,A,I,A Haurin1988,HAND|S2|B1|B2|HS,core,synthesis,C1 측정·정의·지수
ADD,10.1080/00420988820080071,Qualitative Response Estimations of the Selling Behaviour in the Swedish Market for Owner-Occupied Houses,1988,Urban Studies,,A/B,I,,recovery2,core,map,
R466,10.1111/1540-6229.00501,Non Uniform Percentage Brokerage Commissions and Real Estate Market Performance,1989,Real Estate Economics,J. E. Larsen; W. J. Park,A,I,A commissions market duration 1989,HAND|S2|SNOW|B1|B2|HS|SB,core,map,
ADD,10.1007/bf00152349,"Selling price, financing premiums, and days on the market",1989,The Journal of Real Estate Finance and Economics,,A,I,,recovery2,core,map,
R470,10.1111/1540-6229.00514,Measuring Residential Real Estate Liquidity,1990,Real Estate Economics,Kluger B; Miller N,A,I,A Kluger1990,HAND|SNOW|HS|SB,core,synthesis,C1 측정·정의·지수
N232,10.1002/jae.3950070202,The role of the list price in housing markets: Theory and an econometric model,1992,Journal of Applied Econometrics,Joël L. Horowitz,B,I,role of list price Horowitz 1992,OA|B2,core,map,
ADD,10.1080/10835547.1993.12090697,Mispricing and Optimal Time on the Market,1993,Journal of Real Estate Research,,A/B,I,,recovery2,core,map,
R347,10.1080/10835547.1994.12090750,"Censored Sample Bias, Macroeconomic Factors, and Time on Market of Residential Housing",1994,Journal of Real Estate Research,R. Kalra; Kam C. Chan,A,I,A censored TOM 1994,HAND|S2|SNOW|B1|HS|SB,core,synthesis,C1 측정·정의·지수
R647,10.1257/aer.87.3.255,Equity and Time to Sale in the Real Estate Market,1994,The American Economic Review,David Genesove; Christopher J. Mayer,A,I,Genesove Mayer AER1997,S2|B1|B2,core,map,
ADD,10.1007/bf01099271,List price signaling and buyer behavior in the housing market,1994,The Journal of Real Estate Finance and Economics,,B,I,,recovery2,core,map,
R479,10.1111/1540-6229.00668,The Strategic Role of Listing Price in Marketing Real Estate: Theory and Evidence,1995,Real Estate Economics,Abdullah Yavas; Shiawee X. Yang,B,I,B strategic listing price 1995,HAND|S2|SNOW|B1|B2|HS|SB,core,map,
R651,10.1007/bf01099111,Price spreads and residential housing market liquidity,1995,The Journal of Real Estate Finance and Economics,G. Jud; Daniel T. Winkler; Grace E. Kissling,C,I,C price spreads liquidity 1995,HAND|S2|SNOW|B1|B2|HS|SB,core,synthesis,C1 측정·정의·지수
R711,10.1080/00420989550012997,Determinants of Bargaining Outcome in Single-family Housing Transactions: An Empirical Examination,1995,Urban Studies,Song S,B,I,B bargaining outcome single-family,HAND|HS,core,map,
ADD,10.1006/jhec.1995.1005,Incorporating the Number of Existing Home Sales into a Structural Model of the Market for Owner-Occupied Housing,1995,Journal of Housing Economics,,C,I,,recovery2,core,synthesis,C2 선행성·정보내용
R324,10.1080/095999196368808,The use of information versus asking price in the real property negotiation process,1996,Journal of Property Research,Black R; Diaz J,B,I,B asking price negotiation,HAND|HS,core,map,
R482,10.1111/1540-6229.00691,Search and Liquidity in Single-Family Housing,1996,Real Estate Economics,Fred Forgey; Ronald C. Rutherford; T. Springer,A,I,A Forgey1996,HAND|S2|SNOW|B1|HS|SB,core,map,
R652,10.1007/bf00217393,"Single-family housing transactions: Seller motivations, price, and marketing time",1996,The Journal of Real Estate Finance and Economics,T. Springer,A,I,A seller motivations 1996,HAND|S2|SNOW|B1|B2|HS|SB,core,map,
ADD,10.1007/bf00217392,Forecasting Connecticut home sales in a BVAR framework using coincident and leading indexes,1996,The Journal of Real Estate Finance and Economics,,C,I,home sales forecasting,recovery2,core,synthesis,C2 선행성·정보내용
R233,10.1007/bf02920764,Time on market and sales price of residential housing: A note,1997,Journal of Economics and Finance,R. Kalra; Kam C. Chan; Pikki Lai,A,I,A TOM sales price note 1997,S2|B1,core,map,
R485,10.1111/1540-6229.00763,Selling Time and Selling Price: The Influence of Seller Motivation,1998,Real Estate Economics,Michel Glower; D. Haurin; P. Hendershott,A,I,A Glower1998,HAND|S2|SNOW|B1|B2|HS|SB,core,map,
R489,10.1111/1540-6229.00780,"Search, Bargaining and Optimal Asking Prices",1999,Real Estate Economics,Arnold M,B,I,B theory optimal asking prices 1999,HAND|SNOW|HS|SB,core,map,
ADD,10.1023/a:1007737102125,Buyer Search Intensity and the Role of the Residential Real Estate Broker,1999,The Journal of Real Estate Finance and Economics,,A/D,I,buyer search intensity (full text),recovery,core,map,
ADD,10.1023/a:1007718725609,Using Leading Indicators to Forecast U.S. Home Sales in a Bayesian Vector Autoregressive Framework,1999,The Journal of Real Estate Finance and Economics,,C,I,home sales forecasting,recovery2,core,synthesis,C2 선행성·정보내용
R655,10.1023/a:1007891430162,"Environmental Conditions, Reservation Prices, and Time on the Market for Housing",2001,The Journal of Real Estate Finance and Economics,Ju-Chin Huang; Raymond B. Palmquist,A,I,A environmental TOM 2001,HAND|S2|SNOW|B1|B2|HS|SB,core,map,
R656,10.1023/a:1021526332732,The Trade-off Between the Selling Price of Residential Properties and Time-on-the-Market: The Impact of Price Setting,2001,The Journal of Real Estate Finance and Economics,P. Anglin; Ronald C. Rutherford; T. Springer,B,I,B Anglin2003,HAND|S2|SNOW|B1|B2|HS|SB,core,map,
N476,10.1162/003355301753265561,Loss Aversion and Seller Behavior: Evidence from the Housing Market,2001,The Quarterly Journal of Economics,David Genesove; Christopher Clemens Mayer,B,I,loss aversion seller behavior QJE Genesove Mayer 2001,OA|B2,core,map,
R350,10.1080/10835547.2002.12091081,Testing Alternative Theories of the Property Price-Trading Volume Correlation,2002,Journal of Real Estate Research,Leung C; Lau G; Leong Y,C,I,C price-volume theories,HAND|HS,core,synthesis,C2 선행성·정보내용
R493,10.1111/1540-6229.00038,"Listing Price, Time on Market, and Ultimate Selling Price: Causes and Effects of Listing Price Changes",2002,Real Estate Economics,John R. Knight,B,I,B Knight2002,HAND|S2|B1|B2|HS,core,synthesis,C1 측정·정의·지수
R011,,The Listing Broker Phenomenon: Does the Listing Broker Impact the Percentage of Asking Price Realized in a Residential Sale?,2003,Academy of Accounting and Financial Studies Journal,S. Caples; Michael E. Hanna; Charles A. Smith,B,I,B sale-to-list realized broker,S2|B1|B2,core,map,
R112,10.1080/02673030304256,Liquidity and Price Differentials: Evidence in the Hong Kong Residential Re-sale Market,2003,Housing Studies,HO M,C,I,C liquidity price differentials HK,HAND|SNOW|HS|SB,core,map,
ADD,10.2139/ssrn.406101,TOM: Why isn't Price Enough?,2003,International Real Estate Review,,A,I,"IRER 2003; DOI is SSRN mirror, replace with IRER record",recovery2,core,map,
ADD,10.1046/j.1080-8620.2003.00078.x,Estimating Bargaining Effects in Hedonic Models: Evidence from the Housing Market,2003,Real Estate Economics,,B,I,bargaining list-sale (full text),recovery2,core,map,
N132,10.1068/a35170,Exploring Spatial Effects on Urban Housing Duration,2003,Environment and Planning A Economy and Space,Tae-Kyung Kim; Mark W. Horner,A,I,spatial effects housing duration,OA|B3,core,synthesis,C1 측정·정의·지수
R325,10.1080/0959991042000328829,Upgrading programme in public housing: an assessment of price and liquidity enhancements,2004,Journal of Property Research,Lum S; Koh T; Ong S,C,I,C public housing resale price liquidity,HAND|SNOW|HS|SB,core,map,
R499,10.1111/j.1080-8620.2004.00106.x,The Inventory–Sales Relationship in the Market for New Single‐Family Homes,2004,Real Estate Economics,Falk B; Lee B,C,I,C inventory-sales new homes,HAND|HS,core,synthesis,C2 선행성·정보내용
ADD,10.1016/j.jue.2004.05.004,Bargaining over residential real estate: evidence from England,2004,Journal of Urban Economics,,B,I,list price changes bargaining,anchor,core,synthesis,C1 측정·정의·지수
ADD,10.1080/10835547.2004.12091967,Charm Pricing as a Signal of Listing Price Precision,2004,Journal of Housing Research,,B,I,,recovery2,core,map,
ADD,10.1111/j.1080-8620.2004.00108.x,The Effects of Charm Listing Prices on House Transaction Prices,2004,Real Estate Economics,,B,I,,recovery2,core,map,
R275,10.1007/s10901-005-6762-1,Running hot and cold in the urban home-ownership market: The experience of Japan?s major cities,2005,Journal of Housing and the Built Environment,Hirayama Y,C,I,C hot cold Japan,HAND|HS,core,synthesis,C2 선행성·정보내용
R659,10.1007/s11146-006-6806-7,Housing Price Dispersion: An Empirical Investigation,2006,The Journal of Real Estate Finance and Economics,Leung C; Leong Y; Wong S,B,I,B price dispersion 2006,HAND|HS,core,map,
ADD,10.1111/j.1540-6229.2006.00171.x,Submarket Dynamics of Time to Sale,2006,Real Estate Economics,,A,I,Pryce Gibb 2006,resolver,core,synthesis,C2 선행성·정보내용
ADD,10.1108/02637470610671631,"Offer price, transaction price and time-on-market",2006,Property Management,,A/B,I,,resolver,core,map,
ADD,10.1162/003465306775565783,Estimating House Price Indexes in the Presence of Seller Reservation Prices,2006,Review of Economics and Statistics,,B/C,I,Goetzmann Peng selection,anchor,core,synthesis,C1 측정·정의·지수
R295,10.1080/10835547.2007.12091978,The Probability of Sale for Residential Real Estate,2007,Journal of Housing Research,Ken H. Johnson; Justin D. Benefield; Jonathan A. Wiley,A,I,A,HAND|S2|SNOW|B1|HS|SB,core,synthesis,C1 측정·정의·지수
R502,10.1111/j.1540-6229.2007.00191.x,Illiquidity and Pricing Biases in the Real Estate Market,2007,Real Estate Economics,Zhenguo Lin; Kerry D. Vandell,C,I,C LinVandell2007,HAND|S2|SNOW|B1|HS|SB,core,map,
R660,10.1007/s11146-007-9034-x,The Effect of Time-on-Market and Location on Search Costs and Anchoring: The Case of Single-Family Properties,2007,The Journal of Real Estate Finance and Economics,T. Clauretie; P. Thistle,A,I,A TOM location anchoring,HAND|S2|SNOW|B1|HS|SB,core,map,
R326,10.1080/09599910802696615,Trading Volume and Price Dispersion in Housing Markets,2008,Journal of Property Research,C. Yiu; S. Wong; K. Man,C,I,C trading volume price dispersion,HAND|S2|B2|HS,core,synthesis,C2 선행성·정보내용
R504,10.1111/j.1540-6229.2008.00231.x,A Model of Time-on-Market and Real Estate Price Under Sequential Search with Recall,2008,Real Estate Economics,Ping Cheng; Zhenguo Lin; Yingchun Liu,A,I,A Cheng2008,HAND|S2|SNOW|B1|HS|SB,core,map,
R663,10.1007/s11146-008-9161-z,Transaction Volume and Price Dispersion in the Presale and Spot Real Estate Markets,2008,The Journal of Real Estate Finance and Economics,Yiu C; Wong S; Chau K,C/B,I,C/B presale spot volume dispersion,HAND|HS,core,synthesis,C2 선행성·정보내용
R705,10.1016/s1007-0214(08)70112-3,Determinants of housing liquidity in Chinese cities: Does market maturity matter?,2008,Tsinghua Science & Technology,Jing Wu; Si-Qi Zheng,C,I,C housing liquidity Chinese cities 2008,S2|SNOW|B1|B3|SB,core,map,
ADD,10.1080/10835547.2008.12091227,Evidence of Buyer Bargaining Power in the Stockholm Residential Real Estate Market,2008,Journal of Real Estate Research,,B,I,,resolver,core,map,
R239,10.1108/17539260910978481,Measuring price expectations,2009,Journal of European Real Estate Research,Taltavull P; McGreal S,B,I,B asking price expectations,HAND|HS,core,synthesis,C1 측정·정의·지수
R297,10.1080/10835547.2009.12091999,Architectural Review Boards and Their Impact on Property Price and Time-on-Market,2009,Journal of Housing Research,Ken H. Johnson; Justin D. Benefield; Jonathan A. Wiley,A,I,A,HAND|S2|SNOW|B1|HS|SB,core,map,
R298,10.1080/10835547.2009.12092005,Spatial Heterogeneity in Listing Duration: The Influence of Relative Location to Marketability,2009,Journal of Housing Research,Brent C Smith,A,I,A,HAND|S2|SNOW|B1|HS|SB,core,synthesis,C1 측정·정의·지수
R352,10.1080/10835547.1989.12090570,Selling Price and Marketing Time in the Residential Real Estate Market,2009,Journal of Real Estate Research,Bin-Kang Han; M. Gardner,A,I,A,HAND|S2|B1|B2|HS,core,map,
R353,10.1080/10835547.2009.12091260,Price Adjustment and Liquidity in a Residential Real Estate Market with an Accelerated Information Cascade,2009,Journal of Real Estate Research,Salter S; King E,B/C,I,B/C price adjustment liquidity cascade,HAND|HS,core,map,
R459,10.1080/10835547.2009.12091239,Pricing and Time on the Market for Residential Properties in a Major U.K. City,2009,Real Estate,S. McGreal; A. Adair; L. Brown; James R. Webb,A,I,pricing TOM UK city JRER2009,HAND|S2|B1|B2|HS,core,map,
R507,10.1111/j.1540-6229.2009.00232.x,Hot and Cold Markets,2009,Real Estate Economics,Robert Novy-Marx,C,I,C NovyMarx2009,HAND|S2|SNOW|B1|B3|HS|SB,core,map,
R666,10.1007/s11146-009-9207-x,"Housing Price Dynamics in Time and Space: Predictability, Liquidity and Investor Returns",2009,The Journal of Real Estate Finance and Economics,Hwang M; Quigley J,C,I,C predictability liquidity returns,HAND|HS,core,synthesis,C2 선행성·정보내용
ADD,10.1257/aer.99.5.1878,The Relative Performance of Real Estate Marketing Platforms: MLS versus FSBOMadison.com,2009,American Economic Review,,A,I,FSBO vs MLS TOM,anchor,core,map,
ADD,10.1080/10835547.2009.12092008,"The Influence of Contingent Closing Costs on Sale Price, Time on Market, and Probability of Sale",2009,Journal of Housing Research,,A,I,,recovery2,core,map,
N543,10.15793/kspr.2009.62..006,Applications and Improvements of Real Estate Transaction Volume Statistics,2009,국토연구,김현아; 허윤경,C,I,transaction volume statistics applications improvements 국토연구 KR,OA|B3,core,synthesis,C1 측정·정의·지수
R036,10.6126/apmr.2010.15.2.04,The effect of time on market and location in the housing market: A case study in taoyuan metropolitan area,2010,Asia-Pacific Management Review,Jo-Hui Chen; Chao-Rung Ho,A,I,A TOM Taoyuan,S2|SNOW|B1|SB,core,map,
R283,10.1016/j.jhe.2010.03.002,"Illiquidity, transaction cost, and optimal holding period for real estate: Theory and application",2010,Journal of Housing Economics,Cheng P; Lin Z; Liu Y,C,I,C illiquidity holding period,HAND|HS,core,map,
R346,10.1080/10835547.2010.12091669,Liquidating Real Estate Assets Quickly: What Affects the Probability of a Quick Sale?,2010,Journal of Real Estate Practice and Education,Bennie D. Waller; M. Marks,A,I,A quick sale probability,S2|SNOW|B1|SB,core,synthesis,C1 측정·정의·지수
R354,10.1080/10835547.2010.12091285,Listing Contract Length and Time on Market,2010,Journal of Real Estate Research,Bennie D. Waller; Raymond Brastow; Ken H. Johnson,A,I,A listing contract length TOM,HAND|S2|SNOW|B1|HS|SB,core,map,
R509,10.1111/j.1540-6229.2010.00279.x,"List Prices, Sale Prices and Marketing Time: An Application to U.S. Housing Markets",2010,Real Estate Economics,D. Haurin; Jessica L. Haurin; Taylor D. Nadauld; Anthony B. Sanders,B,I,B list prices sale prices marketing time 2010,HAND|S2|SNOW|B1|B2|HS|SB,core,map,
R667,10.1007/s11146-009-9167-1,"Home Price, Time-on-Market, and Seller Heterogeneity Under Changing Market Conditions",2010,The Journal of Real Estate Finance and Economics,Ping Cheng; Zhenguo Lin; Yingchun Liu,A,I,A seller heterogeneity TOM,HAND|S2|SNOW|B1|HS|SB,core,map,
ADD,10.1108/17538271011049731,List price and sale price variation across the housing market cycle,2010,International Journal of Housing Markets and Analysis,,B,I,,resolver,core,synthesis,C2 선행성·정보내용
ADD,10.1080/10835547.2010.12092026,Could We Have Predicted the Recent Downturn in Home Sales in the Four U.S. Census Regions?,2010,Journal of Housing Research,,C,I,home sales forecasting,recovery2,core,synthesis,C2 선행성·정보내용
R091,10.1016/j.frl.2011.06.001,Housing prices and the optimal time-on-the-market decision,2011,Finance Research Letters,Hazer Inaltekin; Robert A. Jarrow; Mehmet Saglam; Yildiray Yildirim,A,I,A optimal TOM decision,S2|SNOW|B1|B2|SB,core,map,
R200,10.53383/100144,"Housing price, trading volume and time on market [title garbled in source; verify in IRER 2011]",2011,International Real Estate Review,C. Leung; Jun Zhang,A/C,I,A/C price-volume-TOM IRER 2011 (title to fix),S2|B1|B2|B3,core,synthesis,C2 선행성·정보내용
R423,10.1080/14445921.2011.11104318,"Time-On-Market and House Prices in Auckland, New Zealand",2011,Pacific Rim Property Research Journal,O. Filippova; Shan-Heng Fu,A,I,A TOM Auckland,S2|SNOW|B1|SB,core,map,
R670,10.1007/s11146-009-9219-6,"On the Relationship Between Property Price, Time-on-Market, and Photo Depictions in a Multiple Listing Service",2011,The Journal of Real Estate Finance and Economics,Justin D. Benefield; Christopher L. Cain; Ken H. Johnson,A,I,A Benefield2011,HAND|S2|SNOW|B1|HS|SB,core,map,
R671,10.1007/s11146-011-9326-z,Liquidity and Information Asymmetry in the Real Estate Market,2011,The Journal of Real Estate Finance and Economics,Wong S; Yiu C; Chau K,C,I,C liquidity information asymmetry,HAND|HS,core,map,
R718,10.1177/0042098010363496,Bidding Conventions and the Degree of Overpricing in the Market for Houses,2011,Urban Studies,G. Pryce,B,I,B degree of overpricing,HAND|S2|SNOW|B1|B2|HS|SB,core,synthesis,C1 측정·정의·지수
ADD,10.1111/j.1540-6229.2010.00292.x,The Economic Impact of Anticipated House Price Changes—Evidence from Home Sales,2011,Real Estate Economics,,C,I,home sales volume,recovery2,core,synthesis,C2 선행성·정보내용
N466,10.1086/661941,Let the Buyer or Seller Beware: Measuring Lemons in the Housing Market under Different Doctrines of Law Governing Transactions and Information,2011,The Journal of Law and Economics,Kwong Wing Chau; Lennon H.T. Choy,B,I,lemons overpricing legal doctrines JLE (sale outcome),OA|B2,core,map,
N544,10.15793/kspr.2011.69..001,Do Housing Trading Volume Explain Housing Prices or the Converse?,2011,국토연구,임재만,C,I,do volumes explain prices or converse 국토연구 KR,OA|B3,core,synthesis,C2 선행성·정보내용
R111,10.1080/08882746.2012.11430600,In Search of Value: How Subdivision Names Influence House Prices and Marketing Duration,2012,Housing and Society,Velma Zahirovic-Herbert; Swarn Chatterjee,A,I,A marketing duration subdivision names,S2|SNOW|B1|SB,core,map,
R190,10.3846/1648715x.2011.585185,The impact of pricing strategies on time-on-market under various economic conditions,2012,International Journal of Strategic Property Management,E. Hui; Ka Yu,A,I,A pricing strategies TOM Cox,S2|SNOW|B1|B2|SB,core,map,
R372,10.1057/jors.2011.74,Modelling a property's time to sale by inflating its previous selling price,2012,Journal of the Operational Research Society,A. Brint,A,I,A time to sale JORS,S2|SNOW|B1|B2|SB,core,synthesis,C1 측정·정의·지수
R516,10.1111/j.1540-6229.2012.00347.x,Optimal Pricing Strategy in the Case of Price Dispersion: New Evidence from the Tokyo Housing Market,2012,Real Estate Economics,Yong-Heng Deng; Stuart A. Gabriel; K. Nishimura; Diehang Zheng,B,I,B optimal pricing dispersion Tokyo,HAND|S2|SNOW|B1|B2|HS|SB,core,map,
R518,10.1111/j.1540-6229.2012.00329.x,House Search Duration in Hot and Cold Residential Markets,2012,Real Estate Economics,Chernobai E; Hossain T,A/D,I,A/D house search duration hot cold,HAND|HS,core,synthesis,C2 선행성·정보내용
R587,10.1016/j.regsciurbeco.2011.08.010,Are homes hot or cold potatoes? The distribution of marketing time in the housing market,2012,Regional Science and Urban Economics,Paul E. Carrillo; Jaren C. Pope,A,I,A TOM distribution RSUE2012,HAND|S2|SNOW|B1|HS|SB,core,synthesis,C1 측정·정의·지수
R674,10.1007/s11146-012-9375-y,Trading Volume-Induced Spatial Autocorrelation in Real Estate Prices,2012,The Journal of Real Estate Finance and Economics,Wong S; Yiu C; Chau K,C,I,C volume spatial autocorrelation,HAND|SNOW|HS|SB,core,synthesis,C2 선행성·정보내용
ADD,10.1080/10835547.2012.12092059,Integrating Real Estate Market Conditions into Home Price Forecasting Systems,2012,Journal of Housing Research,,C,I,Miller Sklarz lead indicators,anchor,core,synthesis,C2 선행성·정보내용
ADD,10.1080/10835547.2012.12091344,Further Assessment of the Efficiency Effects of Internet Use in Home Search,2012,Journal of Real Estate Research,,A/D,I,search duration internet,recovery,core,map,
ADD,10.1080/10835547.2012.12091342,Marketing Time and Pricing Strategies,2012,Journal of Real Estate Research,,A/B,I,,recovery2,core,map,
ADD,10.1080/14445921.2012.11104370,Cross sectional Analysis of time on Market indicators for an Australian City,2012,Pacific Rim Property Research Journal,,A/C,I,TOM indicators Adelaide,recovery2,core,synthesis,C1 측정·정의·지수
R140,10.1108/17538271311306048,Comparing alternative house price indices: evidence from asking prices in Malta,2013,International Journal of Housing Markets and Analysis,Falzon J; Lanzon D,B,I,B asking price index Malta,HAND|HS,core,synthesis,C1 측정·정의·지수
R285,10.1016/j.jhe.2013.07.003,How do market conditions impact price-TOM relationship? Evidence from real estate owned (REO) sales,2013,Journal of Housing Economics,Zhiyong An; Ping Cheng; Zhenguo Lin; Yingchun Liu,A,I,A price-TOM REO,HAND|S2|SNOW|B1|HS|SB,core,map,
R286,10.1016/j.jhe.2013.02.001,Housing prices and transaction volume,2013,Journal of Housing Economics,Akkoyun H; Arslan Y; Kanik B,C,I,C,HAND|HS,core,synthesis,C2 선행성·정보내용
R331,10.1007/s11146-013-9440-1,Seller Over-Pricing and Listing Contract Length: The Effects of Endogenous Listing Contracts on Housing Markets,2013,Journal of real estate finance and economics,Randy I. Anderson; Raymond Brastow; G. Turnbull; B. Waller,B,I,B over-pricing listing contract,HAND|S2|SNOW|B1|B2|HS|SB,core,map,
R521,10.1111/reec.12003,To Sell or Not to Sell: Measuring the Heat of the Housing Market,2013,Real Estate Economics,Paul E. Carrillo,C,I,C Carrillo2013,HAND|S2|SNOW|B1|B2|HS|SB,core,synthesis,C1 측정·정의·지수
R524,10.1111/reec.12002,"Optimal Selling Mechanism, Auction Discounts and Time on Market",2013,Real Estate Economics,Gan Q,A,I,A selling mechanism auction TOM,HAND|SNOW|HS|SB,core,map,
R588,10.1016/j.regsciurbeco.2012.07.002,Price and transaction volume in the Dutch housing market,2013,Regional Science and Urban Economics,de Wit E; Englund P; Francke M,C,I,C deWit2013 volume,HAND|SNOW|HS|SB,core,synthesis,C2 선행성·정보내용
R676,10.1007/s11146-013-9424-1,The Effect of Listing Price Strategy on Transaction Selling Prices,2013,The Journal of Real Estate Finance and Economics,Beracha E; Seiler M,B,I,B listing price strategy,HAND|SNOW|HS|SB,core,map,
R702,10.1111/1756-2171.12022,Days on market and home sales,2013,The RAND Journal of Economics,Catherine E. Tucker; Juanjuan Zhang; Ting Zhu,A,I,A Tucker2013,S2|SNOW|B1|B2|SB,core,synthesis,C2 선행성·정보내용
R719,10.1177/0042098014529341,The Probability of Sale and Price Premiums in Withdrawn Auctioned Properties*,2013,Urban Studies,S. Stevenson,A,I,A probability of sale withdrawn auctions,HAND|S2|B1|HS,core,synthesis,C1 측정·정의·지수
R720,10.1177/0042098012471978,Implicit House Prices: Variation over Time and Space in Spain,2013,Urban Studies,McGreal S; Taltavull de La Paz P,B,I,B asking price hedonic Spain,HAND|HS,core,map,
ADD,10.1080/10835547.2013.12091364,Forecasting Residential Real Estate Price Changes from Online Search Activity,2013,Journal of Real Estate Research,,D,I,Beracha Wintoki,anchor,core,synthesis,C2 선행성·정보내용
ADD,10.1111/reec.12015,Bidding Wars for Houses,2013,Real Estate Economics,,B/C,I,above-list sales as heat,recovery,core,synthesis,C2 선행성·정보내용
ADD,10.1108/jerer-12-2012-0030,The impact of house characteristics on the bargaining outcome,2013,Journal of European Real Estate Research,,B,I,,recovery2,core,map,
ADD,10.1016/j.jhe.2013.01.003,List price and sales prices of residential properties during booms and busts,2013,Journal of Housing Economics,,B,I,Haurin McGreal Adair,recovery2,core,synthesis,C2 선행성·정보내용
ADD,10.1016/j.regsciurbeco.2013.03.001,Asymmetric information and list-price reductions in the housing market,2013,Regional Science and Urban Economics,,B,I,de Wit van der Klaauw,recovery2,core,synthesis,C1 측정·정의·지수
N106,10.1016/j.econmod.2013.02.021,Wealth effects on the housing markets: Do market liquidity and market states matter?,2013,Economic Modelling,Jhih‐Hong Zeng; Chi‐Lu Peng; Ming‐Chi Chen; Chien‐Chiang Lee,C,I,wealth effects market liquidity states,OA|B3,core,map,
N108,10.1111/1475-4932.12056,How Do Stamp Duties Affect the Housing Market?,2013,Economic Record,Ian Davidoff; Andrew Leigh,C,I,stamp duties housing turnover,OA|B3,core,map,
N154,10.17092/jibr.2013.10.1.159,The Relationship between Trading Volume and Purchase Price Index Volatility in Apartment Market,2013,Global Business Administration Review,Hansoo Yoo,C,I?,trading volume price index volatility apartment low-tier,OA|B3,core,synthesis,C2 선행성·정보내용
R126,10.1111/iere.12210,Information Frictions and Housing Market Dynamics,2014,International Economic Review,Elliot Anenberg,A,I,Anenberg IER2016,S2|SNOW|B1|SB,core,map,
R287,10.1016/j.jhe.2014.09.001,Search strategies on the housing market and their implications on price dispersion,2014,Journal of Housing Economics,Maury T; Tripier F,B,I,B,HAND|HS,core,map,
R300,10.1080/10835547.2013.12092086,"Market Conditions, Marketing Time, and House Prices",2014,Journal of Housing Research,O. Filippova; Michael Rehm,A,I,A,HAND|S2|SNOW|B1|HS|SB,core,map,
R526,10.1111/1540-6229.12053,The Impact of the Taxpayer Relief Act of 1997 on Housing Turnover in the U.S. Single‐Family Residential Market,2014,Real Estate Economics,Heuson A; Painter G,C,I,C TRA97 turnover,HAND|HS,core,map,
R677,10.1007/s11146-012-9380-1,Historic District Influence on House Prices and Marketing Duration,2014,The Journal of Real Estate Finance and Economics,Velma Zahirovic-Herbert; K. Gibler,A,I,A historic district marketing duration,HAND|S2|SNOW|B1|HS|SB,core,map,
R679,10.1007/s11146-014-9472-1,Residential Brokerage in Hot and Cold Markets,2014,The Journal of Real Estate Finance and Economics,Li Y; Yavas A,A/C,I,A/C brokerage hot cold,HAND|HS,core,map,
ADD,10.1257/aer.104.12.3991,Hot and Cold Seasons in the Housing Market,2014,American Economic Review,,C,I,Ngai Tenreyro,anchor,core,map,
N107,10.1016/j.econmod.2014.03.026,Ripple effect in house prices and trading volume in the UK housing market: New viewpoint and evidence,2014,Economic Modelling,I‐Chun Tsai,C,I,ripple prices trading volume UK,OA|B3,core,synthesis,C2 선행성·정보내용
R026,10.1080/00036846.2014.972549,Time on the market and price change: the case of Sydney housing market,2015,Applied Economics,Peyman Khezr,A,I,A TOM-price Sydney,S2|SNOW|B1|B2|SB,core,map,
R144,10.1108/ijhma-01-2014-0002,Market response to land auction events: a transaction volume approach,2015,International Journal of Housing Markets and Analysis,Shuk-Man Chiu; Wing-Chau Kwong; Y. Yau,C,I,C transaction volume land auctions HK,HAND|S2|B3|HS,core,map,
R191,10.3846/1648715x.2015.1052587,Identifying key determinants of housing sales and time-on-the-market (TOM) using fuzzy cognitive mapping,2015,International Journal of Strategic Property Management,F. Ferreira; Marjan S. Jalali,A,I,A TOM fuzzy cognitive mapping,S2|B1,core,map,
R192,10.3846/1648715x.2015.1072746,For sale… but for how long? a methodological proposal for estimating time-on-the-market,2015,International Journal of Strategic Property Management,Vanda Martins; Marlene N. M. Filipe; F. Ferreira; Marjan S. Jalali; N. António,A,I,A estimating TOM method,S2|SNOW|B1|SB,core,synthesis,C1 측정·정의·지수
R234,,"Marketing Time and Sales Price of Residential Properties in Akure, Nigeria",2015,Journal of economics and sustainable development,V. Bello,A,I,A marketing time Akure,S2|SNOW|B1|B2|SB,core,synthesis,C2 선행성·정보내용
R288,10.1016/j.jhe.2015.04.003,Anticipated vs. unanticipated house price movements and transaction volume,2015,Journal of Housing Economics,Arslan Y; Kanık B; Köksal B,C,I,C,HAND|HS,core,synthesis,C2 선행성·정보내용
R332,10.1007/s11146-015-9503-6,The Effect of Relisting on House Selling Price,2015,Journal of real estate finance and economics,Patrick S. Smith; K. Gibler; Velma Zahirovic-Herbert,A,I,A relisting price,HAND|S2|SNOW|B1|HS|SB,core,synthesis,C1 측정·정의·지수
R528,10.1111/1540-6229.12082,Can Tightness in the Housing Market Help Predict Subsequent Home Price Appreciation? Evidence from the United States and the Netherlands,2015,Real Estate Economics,Carrillo P; de Wit E; Larson W,C,I,C Carrillo2015,HAND|HS,core,synthesis,C2 선행성·정보내용
R579,10.1515/remav-2015-0021,The Comparative Analysis Of Asking And Traded Price Indices In Different Floor Area Subsegments Of The Residential Property Market,2015,Real Estate Management and Valuation,Kokot S; Bas M,B,I,B asking vs traded indices,HAND|HS,core,synthesis,C2 선행성·정보내용
R649,10.5755/j01.ee.26.1.3905,Determinants of Time on the Market in a Thin Real Estate Market,2015,The Engineering Economics,A. Cirman; M. Pahor; Miroslav Verbič,A,I,A TOM thin market,S2|SNOW|B1|B2|SB,core,map,
R794,10.1080/00036846.2015.1023943,"Expectation, volatility and liquidity in the housing market",2015,Applied Economics,Xian Zheng,C,I,expectation volatility liquidity AppliedEcon2015,SNOW|SB,core,synthesis,C2 선행성·정보내용
R795,10.1016/j.joep.2015.11.001,The Effect of Listing Price Strategy on Real Estate Negotiations: An Experimental Study,2015,Journal of Economic Psychology,E. Cardella; Michael J. Seiler,B,I,listing price strategy negotiation experiment JEP2016,SNOW|SB,core,map,
ADD,10.1007/s11146-013-9450-z,Does Time-on-Market Measurement Matter?,2015,The Journal of Real Estate Finance and Economics,,A,I,Benefield Hardin measurement,anchor,core,synthesis,C1 측정·정의·지수
ADD,10.1007/s11146-014-9493-9,Intercity Information Diffusion and Price Discovery in Housing Markets: Evidence from Google Searches,2015,The Journal of Real Estate Finance and Economics,,D,I,,recovery,core,synthesis,C2 선행성·정보내용
ADD,10.1007/s11146-015-9496-1,"Online Information Search, Market Fundamentals and Apartment Real Estate",2015,The Journal of Real Estate Finance and Economics,,D,I,,recovery,core,synthesis,C2 선행성·정보내용
ADD,10.1108/ijhma-01-2014-0003,Listing behaviour in the Italian real estate market,2015,International Journal of Housing Markets and Analysis,,B,I,,recovery2,core,map,
R146,10.1108/ijhma-12-2014-0058,Sentiment-based predictions of housing market turning points with Google trends,2016,International Journal of Housing Markets and Analysis,Dietzel M,D,I,D Google trends turning points,HAND|HS,core,synthesis,C2 선행성·정보내용
R376,10.1016/j.jue.2016.03.008,What is the role of the asking price for a house?,2016,Journal of Urban Economics,Han L; Strange W,B,I,B asking price role,HAND|SNOW|HS|SB,core,map,
R533,10.1111/1540-6229.12121,A Spatiotemporal Solution for the Simultaneous Sale Price and Time‐on‐the‐Market Problem,2016,Real Estate Economics,Jean Dubé; Diègo Legros,A,I,A Dube2016,HAND|S2|SNOW|B1|HS|SB,core,synthesis,C1 측정·정의·지수
R589,10.1016/j.regsciurbeco.2016.04.001,House prices at different stages of the buying/selling process,2016,Regional Science and Urban Economics,Shimizu C; Nishimura K; Watanabe T,B,I,B prices at stages of process,HAND|SNOW|HS|SB,core,synthesis,C1 측정·정의·지수
R680,10.1007/s11146-016-9558-z,The Effect of Listing Price Changes on the Selling Price of Single-Family Residential Homes,2016,The Journal of Real Estate Finance and Economics,Gordon B; Winkler D,B,I,B listing price changes,HAND|SNOW|HS|SB,core,synthesis,C1 측정·정의·지수
R724,10.1177/0042098015596923,Measuring the influence of space and time effects on time on the market,2016,Urban Studies,S. McGreal; Paloma Taltavull de La Paz; Valerie Kupke; Peter Rossini; Paul Kershaw,A,I,A TOM space time Adelaide,HAND|S2|SNOW|B1|HS|SB,core,synthesis,C1 측정·정의·지수
R806,10.1111/1475-4932.12242,Dynamic and Static Asking Prices in the Sydney Housing Market,2016,Economic Record,Peyman Khezr; Flávio Menezes,B,I,dynamic static asking prices Sydney EconRecord2016,SNOW|SB,core,synthesis,C1 측정·정의·지수
ADD,10.1007/s11146-016-9555-2,List Prices in the US Housing Market,2016,The Journal of Real Estate Finance and Economics,,B,I,,recovery2,core,map,
ADD,10.1111/rurd.12053,Optimal List Price and Duration of Vacancy in the Housing Market in Tokyo,2016,Review of Urban & Regional Development Studies,,B/A,I,,recovery2,core,map,
N167,10.1080/14036096.2016.1196240,Fundamentals and Market Sentiment in Housing Market,2016,Housing Theory and Society,Ziyou Wang; Eddie C.M. Hui,C/D,I,sentiment transaction volume,OA|B3,core,synthesis,C2 선행성·정보내용
N218,10.1080/12265934.2016.1239548,A study on the impact of changes in consumer sentiment on the housing market in Korea,2016,International Journal of Urban Sciences,Chun Haejung,C/D,I,consumer sentiment trading volume KR,OA|B3,core,synthesis,C2 선행성·정보내용
N351,10.1016/j.landusepol.2016.05.008,Does liquidity affect housing market performance? An empirical study with spatial panel approach,2016,Land Use Policy,Xian Zheng; Eddie C.M. Hui,C,I,liquidity and housing market performance spatial panel Land Use Policy,OA|B3,core,synthesis,C1 측정·정의·지수
R216,10.1007/s12652-017-0508-2,Recommending property with short days-on-market for estate agency,2017,Journal of Ambient Intelligence and Humanized Computing,Chao Mou; Qing Zhou; Yi-Nan Ran; Liang Ge; Yong Wang,A,I,A DOM recommendation,S2|B1|B2,core,map,
R537,10.1111/1540-6229.12187,"Internet Search Behavior, Liquidity and Prices in the Housing Market",2017,Real Estate Economics,van Dijk D; Francke M,D,I,D vanDijkFrancke2017,HAND|SNOW|HS|SB,core,synthesis,C2 선행성·정보내용
R807,10.22423/kreus.2017.10.1.189,A Study on Effects of Characteristics of Real Estate Intermediation on Time to Sale of Houses,2017,부동산·도시연구 (Korea Real Estate Urban Studies),Seon-Ju Song; Yeong Ok Kim,A,I,intermediation characteristics time to sale KR 2017,S2|B1,core,map,
R812,10.1080/00036846.2016.1189506,Does illiquidity matter in residential properties?,2017,Applied Economics,Soosung Hwang; Youngha Cho; Jinho Shin,C,I,illiquidity residential AppliedEcon2016,SNOW|SB,core,map,
ADD,10.1162/rest_a_00634,A More Timely House Price Index,2017,Review of Economics and Statistics,,B/D,I,Anenberg Laufer list-price index,anchor,core,synthesis,C1 측정·정의·지수
N343,10.24957/hsr.2017.25.3.01,"Relationship Among News Coverage, Consumers’ Sentiment, Prices, and Trading Volume in Housing Markets",2017,Korean Association for Housing Policy Studies,Jae-Man Lim; Mi-Hwa Mi-Hwa,C/D,I,news coverage sentiment price trading volume PVAR KR,OA|B3,core,synthesis,C2 선행성·정보내용
N546,10.18032/kaaba.2017.30.11.1935,The Relationship between Asymmetric Volatility and Trading Volume in the Korean Housing Market,2017,대한경영학회지,Jeehye Kim,C,I,asymmetric volatility and trading volume KR,OA|B3,core,synthesis,C2 선행성·정보내용
R088,10.1140/epjds/s13688-018-0176-2,Home is where the ad is: online interest proxies housing demand,2018,EPJ Data Science,Marco Pangallo; M. Loberto,D,I,D online interest housing demand,S2|B1|B2,core,synthesis,C1 측정·정의·지수
R258,10.1108/jerer-12-2017-0043,An analysis of auction strategies in apartment sales,2018,Journal of European Real Estate Research,Hungria-Gunnelin R,B,I,B auction list price strategies,HAND|HS,core,map,
R289,10.1016/j.jhe.2018.06.005,(What) do top performing real estate agents deliver for their clients?,2018,Journal of Housing Economics,Turnbull G; Waller B,A,I,A agent inventory externalities TOM,HAND|SNOW|HS|SB,core,map,
R360,10.1080/10835547.2018.12091498,Temporally Dynamic Externalities and Real Estate Liquidity,2018,Journal of Real Estate Research,Raymond Brastow; B. Waller; Scott A. Wentland,A/C,I,A/C externalities liquidity,HAND|S2|B1|B2|HS,core,map,
R540,10.1111/1540-6229.12231,"Institutional Investment, Asset Illiquidity and Post‐Crash Housing Market Dynamics",2018,Real Estate Economics,Smith P; Liu C,C,I,C institutional investment illiquidity,HAND|HS,core,map,
R542,10.1111/1540-6229.12269,Home Sales Pair Counts: The<i>Organic</i>Metric for Trading Volume in Housing Markets,2018,Real Estate Economics,Giannetti A,C,I,C home sales pair counts volume,HAND|HS,core,synthesis,C1 측정·정의·지수
R648,10.1007/s00168-018-0870-9,The cause and outcomes of the ripple effect: housing prices and transaction volume,2018,The annals of regional science,I. Tsai,C,I,C ripple prices volume,S2|B3,core,synthesis,C2 선행성·정보내용
ADD,10.1086/697207,House Price Momentum and Strategic Complementarity,2018,Journal of Political Economy,,B,I,Guren list price momentum,anchor,core,map,
ADD,10.1007/s11146-018-9674-z,Listing Agent Signals: Does a Picture Paint a Thousand Words?,2018,The Journal of Real Estate Finance and Economics,,A,I,peripheral photos TOM,recovery,core,map,
ADD,10.1080/10835547.2018.12091492,Does Neighborhood Condition Create a Discount Effect on House List Prices? Evidence from Physical Disorder,2018,Journal of Real Estate Research,,B,I,peripheral list price discount,recovery2,core,map,
N109,10.1080/1331677x.2018.1429289,Market depth in the UK housing market,2018,Economic Research-Ekonomska Istraživanja,Huey-Cherng Tsai; I‐Chun Tsai,C,I,market depth UK housing,OA|B3,core,synthesis,C2 선행성·정보내용
N215,10.3846/ijspm.2018.5219,INFORMATION CONTENT OF TRANSACTION VOLUME: THE HOUSING MARKET IN THE UNITED KINGDOM,2018,International Journal of Strategic Property Management,I‐Chun Tsai,C,I,information content transaction volume UK,OA|B3,core,synthesis,C2 선행성·정보내용
N276,10.30902/jrea.2018.4.1.85,"Intervention Analysis of Apartment Trading Volume in Seoul, Korea",2018,Journal of Real Estate Analysis,Taemi Youk; Soo Min Lee,C,I,intervention analysis apartment trading volume Seoul KR,OA|B3,core,synthesis,C2 선행성·정보내용
N422,10.22313/reik.2018.16.2.411,A Study on the Effects of News Big Data and Google Information Search on Apartment Transaction Volume,2018,Residential Environment Institute Of Korea,Yun Sik Kim; Min Seub Choi,C/D,I,news big data Google search apartment transaction volume KR,OA|B3,core,synthesis,C2 선행성·정보내용
N442,10.26700/shuri.2018.12.8.3.51,Causality and Predictability of Price-Volume in Housing Market - Evidence from Seoul and Busan Housing Markets -,2018,SH Urban Research & Insight,Youngsoo Lee; Jongpil Lee,C,I,price-volume causality Seoul Busan KR (SH Urban Research),OA|B3,core,synthesis,C2 선행성·정보내용
N545,10.15793/kspr.2018.97..001,Empirical Analyses of Factors Shaping the Relationship between Housing Price and Trading Volume based on Bounded Rationality,2018,국토연구,박동하; Mack Joong Choi,C,I,factors shaping price-volume relation 국토연구 KR,OA|B3,core,synthesis,C2 선행성·정보내용
R092,10.1016/j.frl.2018.10.004,Can list prices accurately capture housing price trends? Insights from extreme markets conditions,2019,Finance Research Letters,Ronan C. Lyons,B,I,B list prices vs price trends Ireland,SNOW|SB,core,synthesis,C2 선행성·정보내용
R260,10.1108/jerer-02-2019-0003,The search and matching process in the housing market,2019,Journal of European Real Estate Research,Lisi G,B,I,B search matching price dispersion,HAND|HS,core,map,
R290,10.1016/j.jhe.2018.09.009,"The influence of house, seller, and locational factors on the probability of sale",2019,Journal of Housing Economics,R. Pace; Shuang Zhu,A,I,A,HAND|S2|B1|HS,core,synthesis,C1 측정·정의·지수
R301,10.1080/10527001.2020.1776513,Liquidity Imbalance in the Residential Real Estate Market,2019,Journal of Housing Research,Ekaterina Chernobai; Tarique Hossain,A/C,I,A/C,HAND|S2|SNOW|B1|HS|SB,core,synthesis,C1 측정·정의·지수
R377,10.1016/j.jue.2019.05.008,Improved information shock and price dispersion: A natural experiment in the housing market,2019,Journal of Urban Economics,Ben-Shahar D; Golan R,B,I,B price dispersion natural experiment,HAND|SNOW|HS|SB,core,map,
R396,10.24957/hsr.2019.27.1.05,Factors Affecting the Days on Market of Residential Real Estate in Seoul,2019,Korean Association for Housing Policy Studies,Jin-soo Ko; Seong-ho Choi; Seung-Chul Noh,A,I,A Ko2019 KR,S2|SNOW|B1|SB,core,synthesis,C1 측정·정의·지수
R682,10.1007/s11146-018-9657-0,The Impact of TOM on Prices in the US Housing Market,2019,The Journal of Real Estate Finance and Economics,Darren K. Hayunga; R. Pace,A,I,A HayungaPace2019,HAND|S2|SNOW|B1|B2|HS|SB,core,map,
R700,10.21447/jup.2019.10.3.101,The Effect of Apartment Housing Characteristics on the Days On Market(DOM),2019,The Korean Association of Urban Policies,Jae-yeong Yang; Jin-soo Ko,A,I,A YangKo2019 KR,S2|B1,core,synthesis,C1 측정·정의·지수
ADD,10.1108/ijhma-08-2018-0060,Real estate list price anchoring and cognitive ability,2019,International Journal of Housing Markets and Analysis,,B,I,,recovery2,core,map,
ADD,10.1016/j.jhe.2018.09.006,Listing strategies and housing busts: Cutting loss or cutting list price?,2019,Journal of Housing Economics,,B,I,Liu van der Vlist,recovery2,core,map,
ADD,10.1016/j.jue.2019.04.005,The Repeat Time-On-The-Market Index,2019,Journal of Urban Economics,,C,I,Carrillo Williams repeat-TOM index — measurement core,recovery2,core,synthesis,C1 측정·정의·지수
N349,10.1007/s12205-019-1926-9,Forecasting Short-Term Housing Transaction Volumes using Time-Series and Internet Search Queries,2019,KSCE Journal of Civil Engineering,Kanghyeok Lee; Hanbeen Kim; Do Hyoung Shin,C/D,I,internet search queries forecasting transaction volume KSCE,OA|B3,core,synthesis,C2 선행성·정보내용
N424,10.22313/reik.2019.17.4.31,Consumer Sentiment in On-line Community and the Variation of Real Estate Market,2019,Residential Environment Institute Of Korea,Sun Young Heo; Ju Young Kim; Tae Heon Moon,C/D,I,online community sentiment price transaction volume KR,OA|B3,core,synthesis,C2 선행성·정보내용
N540,10.37103/kapp.21.3.2,A Study on the Impact of the Trading Volume on Prices & Prices Volatility of Housing Market in Seoul and the Whole Country,2019,공공정책연구,Chong-Sun Kim,C,I,trading volume on prices and volatility Seoul 공공정책연구 KR,OA|B3,core,synthesis,C2 선행성·정보내용
R127,10.1111/iere.12454,ENDOGENOUS SOURCES OF VOLATILITY IN HOUSING MARKETS: THE JOINT BUYER–SELLER PROBLEM,2020,International Economic Review,Elliot Anenberg; Patrick J. Bayer,C,I,C joint buyer-seller volume IER,S2|B1,core,map,
R151,10.1108/ijhma-06-2020-0071,Key determinants of time on the market: an analysis of residential housing market in Sri Lanka,2020,International Journal of Housing Markets and Analysis,N. Wickramaarachchi; S. Chandani; M. Thilini,A,I,A TOM Sri Lanka,HAND|S2|SNOW|B1|HS|SB,core,synthesis,C1 측정·정의·지수
R152,10.1108/ijhma-02-2020-0017,Hot and cold seasons in Texas housing markets,2020,International Journal of Housing Markets and Analysis,Mustafa Hattapoglu; Indrit Hoxha,C,I,C hot cold seasons Texas,HAND|S2|SNOW|B2|HS|SB,core,synthesis,C2 선행성·정보내용
R227,10.1007/s11573-020-00990-2,Liquidity and prices: a cluster analysis of the German residential real estate market,2020,Journal of Business Economics,Marcelo Cajias; Philipp Freudenreich; Anna Freudenreich; W. Schäfers,C,I,C liquidity indices German residential,SNOW|SB,core,synthesis,C2 선행성·정보내용
R303,10.1080/10527001.2020.1846401,Housing Turnover and Employment Change,2020,Journal of Housing Research,Cain C; Springer T; Worzala E,C,I,C housing turnover,HAND|HS,core,map,
R363,10.1080/08965803.2020.1844476,Solving Old Puzzles with New Tricks: Addressing Endogeneity and Nonlinearity in Time-on-Market Research,2020,Journal of Real Estate Research,Justin D. Benefield; Christopher L. Cain; Norman Maynard,A,I,A endogeneity nonlinearity TOM,HAND|S2|SNOW|B1|HS|SB,core,synthesis,C2 선행성·정보내용
R394,10.1016/j.knosys.2020.106417,A hybrid neural network for predicting Days on Market a measure of liquidity in real estate industry,2020,Knowledge-Based Systems,A. F. Kamara; En-Hong Chen; Qi Liu; Zhen Pan,A,I,A DOM neural KBS,S2|B1,core,synthesis,C1 측정·정의·지수
R548,10.1111/1540-6229.12221,Search Benefit in Housing Markets: An Inverted U-Shaped Price and TOM Relation,2020,Real Estate Economics,Xin He; Zhen-Guo Lin; Yingchun Liu; Michael J. Seiler,A,I,A inverted U price TOM,HAND|S2|B1|HS,core,map,
R550,10.1111/1540-6229.12335,"<i>FEAR Index</i>, city characteristics, and housing returns",2020,Real Estate Economics,Aroul R; Sabherwal S; Saydometov S,D,I,D FEAR index search,HAND|HS,core,synthesis,C2 선행성·정보내용
R581,10.1515/remav-2020-0016,The Role of Listing Price Strategies on the Probability of Selling a House: Evidence from Vietnam,2020,Real Estate Management and Valuation,Bich-Hanh Nguyen Thi; T. H. Nguyen; Thanh Truong,A/B,I,A/B listing price strategies probability of sale Vietnam,HAND|S2|SNOW|B1|B2|HS|SB,core,map,
ADD,10.1257/aer.20141772,Segmented Housing Search,2020,American Economic Review,,D/A,I,Piazzesi Schneider Stroebel,anchor,core,synthesis,C2 선행성·정보내용
ADD,10.1007/s11146-020-09789-y,"Google Search Queries, Foreclosures, and House Prices",2020,The Journal of Real Estate Finance and Economics,,D,I,,recovery,core,synthesis,C2 선행성·정보내용
ADD,10.1016/j.jhe.2020.101715,House price index based on online listing information: The case of China,2020,Journal of Housing Economics,,B/D,I,,recovery,core,synthesis,C1 측정·정의·지수
ADD,10.1007/s11146-019-09714-y,"Properties that Sell at or above Listing Price: Strategic Pricing, Better Broker or Just Dumb Luck?",2020,The Journal of Real Estate Finance and Economics,,B,I,,recovery2,core,synthesis,C1 측정·정의·지수
N030,10.1080/13504851.2020.1782330,Do home sellers know their market? Evidence from neighbourhood sober-living houses,2020,Applied Economics Letters,Velma Zahirovic‐Herbert; Geoffrey K. Turnbull; Bennie D. Waller,B,I,sellers know market listing price hedonic,OA|B2,core,map,
N337,10.32989/rel.2020.24.2.53,"Big Data Time Series Analysis of the Relationship Between News Coverage, Apartment Price and Trading Volume",2020,Korea Association Of Real Estate Law,Hae-Jung Chun,C/D,I,news coverage price trading volume VAR KR,OA|B3,core,synthesis,C2 선행성·정보내용
N425,10.22313/reik.2020.18.1.21,A Study on the Dynamic Causal Relationship between Housing Price and Housing Trading Volume,2020,Residential Environment Institute Of Korea,Yun Kyung Oh,C,I,dynamic causality housing price and trading volume KR,OA|B3,core,synthesis,C2 선행성·정보내용
N553,10.31303/krear.2020.83.53,A Study on the Interaction of Apartment Price and Transaction Volumein Seoul,2020,부동산학보,Han-Kook Cho; Young Ghon Kim,C,I,interaction price and transaction volume Seoul 부동산학보 KR,OA|B3,core,synthesis,C2 선행성·정보내용
N555,10.19172/kreaa.26.3.8,Behavioral Economic Analysis of Housing Transaction Volume,2020,부동산학연구,Dongha Park,C,I,behavioral economic analysis housing transaction volume 부동산학연구 KR,OA|B3,core,synthesis,C2 선행성·정보내용
R154,10.1108/ijhma-04-2020-0034,Brokers’ list price setting in an auction context,2021,International Journal of Housing Markets and Analysis,Hungria-Gunnelin R; Kopsch F; Enegren C,B,I,B brokers list price auction,HAND|SNOW|HS|SB,core,map,
R155,10.1108/ijhma-11-2020-0140,Information transparency and pricing strategy in the Scottish housing market,2021,International Journal of Housing Markets and Analysis,Lo D; Liu N; McCord M; Haran M,B,I,B transparency pricing strategy Scotland,HAND|HS,core,map,
R231,10.1515/jem-2020-0017,Time on the Market and Probability of Sale Using a Generalized Geometric Hazard Model,2021,Journal of Econometric Methods,S. B. Caudill; Ksenija Bogosavljević; Ken H. Johnson; F. Mixon,A,I,A TOM probability of sale hazard,S2|B1,core,synthesis,C1 측정·정의·지수
R687,10.1007/s11146-020-09815-z,A Housing Supply Absorption Rate Equation,2021,The Journal of Real Estate Finance and Economics,Murray C,C,I,C absorption rate equation,HAND|HS,core,synthesis,C1 측정·정의·지수
R728,10.1177/0042098021991784,"Market buoyancy, information transparency and pricing strategy in the Scottish housing market",2021,Urban studies,Nan Liu,B,I,B pricing strategy Scottish UrbanStudies,HAND|S2|SNOW|B1|B2|HS|SB,core,map,
R837,10.1111/boer.12284,Average time to sell a property and credit conditions: Evidence from the Italian housing market survey,2021,Bulletin of Economic Research,Tatiana Cesaroni,A,I,TOM credit conditions Italy BER2021,S2|SNOW|B1|B2|SB,core,synthesis,C1 측정·정의·지수
ADD,10.1016/j.jhe.2021.101750,Is the behavior of sellers with expected gains and losses relevant to cycles in house prices?,2021,Journal of Housing Economics,,B,I,seller list price behavior (full text),recovery,core,map,
N125,10.1108/ecam-10-2020-0850,Forecasting trading volume in local housing markets through a time-series model and a deep learning algorithm,2021,Engineering Construction & Architectural Management,Changro Lee; Keith Key-Ho Park,C,I,forecasting trading volume local,OA|B3,core,synthesis,C2 선행성·정보내용
N146,10.2478/foli-2021-0013,Absorption Rate as a Tool for Assessing the Dynamics of Development Activity,2021,Folia Oeconomica Stetinensia,Agata Antczak-Stępniak,C,I,absorption rate development activity,OA|B3,core,map,
N219,10.1080/12265934.2021.1925142,Features of the ripple effect in the US regional housing markets: a viewpoint of nonsynchronous trading,2021,International Journal of Urban Sciences,I‐Chun Tsai,C,I,ripple nonsynchronous trading,OA|B3,core,synthesis,C2 선행성·정보내용
N220,10.53383/100332,Use of Google Trends to Predict the Real Estate Market: Evidence from the United Kingdom,2021,International Real Estate Review,Grzegorz Michal Bulczak,D,I,Google Trends UK IRER,OA|B3,core,synthesis,C2 선행성·정보내용
N251,10.1016/j.jempfin.2021.10.003,Housing market spillovers through the lens of transaction volume: A new spillover index approach,2021,Journal of Empirical Finance,Jian Yang; Meng Tong; Ziliang Yu,C,I,spillovers transaction volume J Empirical Finance,OA|B3,core,synthesis,C2 선행성·정보내용
N261,10.38100/jhuf.2021.6.2.53,Frequency domain analysis to detect common cycle in housing price and trading volume,2021,Journal of Housing and Urban Finance,Seungryul Ma,C,I,common cycle price volume KR,OA|B3,core,synthesis,C2 선행성·정보내용
R129,10.26599/ijcs.2022.9100006,Credit Policy and Housing Market Liquidity: An Empirical Study in Beijing Based on the TVP-VAR Model,2022,International Journal of Crowd Science,You-Rong Wang; Lei Zhao,C,I,C credit policy housing liquidity Beijing,SNOW|SB,core,map,
R220,10.24311/jabes/2022.33.07.05,The Behaviour of House Buyers in Response to Suspicious Signals of Houses for Sale,2022,Journal of Asian Business and Economic Studies,Hồng Nguyễn Thị Bích; Hiệp Trương Thành,A/B,I,A/B suspicious signals long listing,S2|B1|B2,core,map,
R263,10.1108/jerer-11-2021-0051,Identifying how the time on the market affects the selling price: a case study of residential properties in Paphos (Cyprus) urban area,2022,Journal of European Real Estate Research,Philippos Nikiforou; T. Dimopoulos; P. Sivitanides,A/B,I,A/B TOM DOP Paphos,HAND|S2|SNOW|B1|B2|HS|SB,core,map,
R264,10.1108/jerer-03-2020-0013,Buyer behaviour and price expectations: a spatial analysis of the Athens residential market,2022,Journal of European Real Estate Research,White M; Papastamos D,B,I,B asking prices Athens,HAND|HS,core,map,
R308,10.1080/10527001.2022.2033389,Short-Term Property Rental Platforms and the Housing Market: House Prices and Liquidity,2022,Journal of Housing Research,Gárate Alvarez S; Pennington-Cross A,A/C,I,A/C,HAND|SNOW|HS|SB,core,map,
R337,10.1007/s11146-022-09908-x,The Impact of Virtual Marketing Strategies on the Price-TOM Relation,2022,Journal of real estate finance and economics,K. C. Anderson; J. Freybote; K. T. Manis,A,I,A virtual marketing price-TOM,HAND|S2|B1|HS,core,map,
R420,10.30672/njsr.102913,The role of list price in transaction outcomes,2022,Nordic Journal of Surveying and Real Estate Research,F. Kopsch; Ólafur Sindri Helgason; Alexander Hansson; F. Johansson,B,I,B list price role Nordic,S2|B1|B2,core,map,
R707,10.36108/ujees/2202.40.0210,"The Impacts of Property Features on Time on Market of Real Estate Assets in Lagos Metropolis, Nigeria",2022,UNIOSUN Journal of Engineering and Environmental Sciences,O. Adegoke; F. D. Fadeyi,A,I,A Lagos TOM low-tier,S2|B1,core,synthesis,C1 측정·정의·지수
ADD,10.1257/aer.20191766,Reference Dependence in the Housing Market,2022,American Economic Review,,B,I,listing decisions reference points (journal version of SSRN R611),resolver,core,map,
ADD,10.2478/remav-2022-0031,Analysis of the Relationship Between COVID-19 Infections and Web-Based Housing Searches,2022,Real Estate Management and Valuation,,D,I,,recovery,core,map,
N096,10.1155/2022/9946703,Experimental Research on the Impact of Interest Rate on Real Estate Market Transactions,2022,Discrete Dynamics in Nature and Society,Chang Chen; Haoyu Zhai; Zhiruo Wang; Shen Ma; Jie Sun,C,I?,interest rate RE transactions low-tier (full text),OA|B3,core,map,
N188,10.1111/infi.12408,Time‐varying impacts of expectations on housing markets across hot and cold phases,2022,International Finance,MeiChi Huang,C,I,expectations hot cold phases,OA|B3,core,synthesis,C2 선행성·정보내용
N233,10.1002/jae.2891,Real estate agents' influence on housing search,2022,Journal of Applied Econometrics,Seung‐Hyun Hong,A/D,I,agents influence housing search,OA|B2,core,map,
N299,10.5762/kais.2022.23.3.273,A Study on the Monthly Effect of Apartment Price and Transaction Volume: Focusing on New Cities in the Metropolitan Area,2022,Journal of the Korea Academia-Industrial cooperation Society,Xue Wang; Ki-Sun Hong; Youngsik Kwak; Jae-Won Hong,C,I,monthly effect apartment price and transaction volume KR,OA|B3,core,synthesis,C2 선행성·정보내용
N382,10.2298/pan220629015a,The effects of reference pricing on housing market: Evidence from Shenzhen China,2022,Panoeconomicus,Philip Arestis; Mianshan Lai; Jia Hou,B,I,reference pricing Shenzhen list prices transactions Panoeconomicus,OA|B3,core,map,
N463,10.1111/jfir.12308,Signaling effects of recurrent list‐price reductions on the likelihood of house sales,2022,The Journal of Financial Research,Lawrence Kryzanowski; Yanting Wu,B,I,recurrent list-price reductions likelihood of sale J Financial Research,OA|B2,core,synthesis,C2 선행성·정보내용
R165,10.1108/ijhma-08-2023-0113,"Sale to list ratio, for-sale inventory, sale count, and housing value",2023,International Journal of Housing Markets and Analysis,Zhang X; Wang Y; Yang E; Xu S; Yu Y,C,I,C sale-to-list inventory sale count,HAND|SNOW|HS|SB,core,synthesis,C1 측정·정의·지수
R365,10.1080/08965803.2023.2214469,Residential Marketing Duration: Film Studios as Neighborhood Sales Accelerators,2023,Journal of Real Estate Research,Velma Zahirovic-Herbert; K. Gibler,A,I,A film studios marketing duration,HAND|S2|B1|HS,core,map,
R558,10.1111/1540-6229.12463,"House price seasonality, market activity, and the December discount",2023,Real Estate Economics,Erling Røed Larsen,C,I,C seasonality market activity Norway,HAND|S2|SNOW|B1|B2|HS|SB,core,synthesis,C2 선행성·정보내용
R560,10.1111/1540-6229.12441,Duration‐dependent transaction tax effects on sellers and their behaviors,2023,Real Estate Economics,Zhang Y; Tu Y; Deng Y,A/B,I,A/B SSD duration seller behavior,HAND|HS,core,map,
R731,10.48264/vvsiev-20223102,Interpretation and measurement of the spread between asking and selling prices in the Italian residential market [Interpretazione e misura dello spread tra prezzi richiesti e prezzi di vendita nel mercato residenziale italiano],2023,Valori e Valutazioni,Benedetto Manganelli; F. D. Del Giudice; Debora Anelli,B,I,B asking-selling spread Italy,SNOW|SB,core,synthesis,C1 측정·정의·지수
ADD,10.1111/jofi.13208,"Local Experiences, Search, and Spillovers in the Housing Market",2023,The Journal of Finance,,D,I,Gargano Giacoletti Jarnecic (journal version of SSRN R832),resolver,core,synthesis,C2 선행성·정보내용
ADD,10.2478/remav-2023-0032,Predicting Housing Price Trends in Poland: Online Social Engagement - Google Trends,2023,Real Estate Management and Valuation,,D,I,,recovery,core,synthesis,C2 선행성·정보내용
ADD,10.1080/00036846.2023.2244252,"Asymmetric information, signaling, and round listing prices: evidence from China's housing market",2023,Applied Economics,,B,I,round listing prices,recovery2,core,map,
N046,10.3390/bs13010055,Does Property Return Affect Seller Behavior? An Empirical Study of China’s Real Estate Market,2023,Behavioral Sciences,Hongfei Li; Limin Liang; Chengjiu Sun,B,I?,disposition effect seller behavior China (full text),OA|B2,core,map,
N187,10.1111/iere.12679,HOUSING MARKET DISCOUNT RATES: EVIDENCE FROM BARGAINING AND BIDDING WARS,2023,International Economic Review,Hans R. A. Koster; Jan Rouwendal,B,I,discount rates bargaining bidding wars IER,OA|B2,core,map,
N464,10.22143/hss21.14.2.27,"Effects of Consumer Sentiment, Interest Rate, and Transaction Volume on Housing Price Using the BVAR",2023,The Journal of Humanities and Social sciences 21,Chun Haejung,C,I,sentiment interest rate transaction volume BVAR KR,OA|B3,core,synthesis,C2 선행성·정보내용
N465,10.14801/jkiit.2023.21.10.37,A Study on the Impact of Asking Price and Sales Volume on the Real Transaction Price of Apartment using Machine Learning,2023,The Journal of Korean Institute of Information Technology,Kyuseok Kim; Soyoung Lee; Kyung-Min Kim,B/C/D,I,asking price and listing volume on transaction price ML KR,OA|B3,core,synthesis,C2 선행성·정보내용
R043,10.3390/buildings14051471,Machine Learning Insights: Exploring Key Factors Influencing Sale-to-List Ratio—Insights from SVM Classification and Recursive Feature Selection in the US Real Estate Market,2024,Buildings,Janusz Sobieraj; D. Metelski,B/C,I,B/C sale-to-list ratio Zillow ML,SNOW|SB,core,synthesis,C1 측정·정의·지수
R166,10.1108/ijhma-09-2024-0134,The impact of the COVID-19 market shock on residential buyer preferences,2024,International Journal of Housing Markets and Analysis,Christopher N. Cain; Daniel Huerta; Norman Maynard; Bennie D. Waller,A,I,A COVID TOM probability of sale,HAND|S2|SNOW|B1|HS|SB,core,map,
R168,10.1108/ijhma-05-2024-0072,Do energy performance certificates influence time on market? An exploratory research of the residential housing market in Flanders,2024,International Journal of Housing Markets and Analysis,Alesia Gerassimenko; L. De Moor; Laurens Defau,A,I,A EPC TOM,HAND|S2|B1|HS,core,map,
R169,10.1108/ijhma-07-2024-0092,Pricing strategies in the Silicon Valley housing market: an update on TOM and recent events,2024,International Journal of Housing Markets and Analysis,Wan-Hsiu Cheng; Shih-Chieh Chiu; Chia-Yueh Yen; Fu-Chang Yeh,A,I,A Silicon Valley TOM,HAND|S2|SNOW|B1|HS|SB,core,map,
R171,10.1108/ijhma-09-2023-0118,Spatial and temporal diffusion of property prices and sales across British regions,2024,International Journal of Housing Markets and Analysis,Salov A,C,I,C prices and sales diffusion Britain,HAND|HS,core,synthesis,C2 선행성·정보내용
R172,10.1108/ijhma-12-2023-0166,Housing search activity and quantiles-based predictability of housing price movements in the USA,2024,International Journal of Housing Markets and Analysis,Gupta R; Moodley D,D,I,D search activity predictability,HAND|HS,core,synthesis,C2 선행성·정보내용
R292,10.1016/j.jhe.2024.101997,Seller and search behavior in the Belgian housing market,2024,Journal of Housing Economics,Vandenbergh J,A/B,I,A/B seller search Belgium,HAND|SNOW|HS|SB,core,map,
R341,10.1080/09277544.2024.2426336,Impact of Asking Price Signals on House Buyer Behavior: Evidence from Ho Chi Minh City,2024,Journal of Real Estate Literature,Nguyen H; Truong H,B,I,B asking price signals HCMC,HAND|HS,core,map,
R373,10.5198/jtlu.2024.2447,Modeling home property listings’ time-on-market duration and listing outcome using copula-based competing risk method,2024,Journal of Transport and Land Use,Yicong Liu; S. Shakib; Eric J. Miller; K. N. Habib,A,I,A competing risk TOM,S2|B1|B2,core,synthesis,C1 측정·정의·지수
R590,10.1016/j.regsciurbeco.2024.103997,Local Constant-Quality Housing Market Liquidity Indices,2024,Regional Science and Urban Economics,D. V. van Dijk,C,I,C vanDijk2024,HAND|S2|SNOW|B1|B2|HS|SB,core,synthesis,C1 측정·정의·지수
R690,10.1007/s11146-024-09984-1,Does Bankruptcy Identify a Type Of Real Estate Agent or a Stress-Induced Change in Performance?,2024,The Journal of Real Estate Finance and Economics,Bikmetova N; Turnbull G; Zahirovic-Herbert V,A,I?,agent bankruptcy performance (full text),HAND|SNOW|HS|SB,core,map,
ADD,10.1016/j.jue.2023.103610,Volatility in Home Sales and Prices: Supply or Demand?,2024,Journal of Urban Economics,,C,I,Anenberg Ringo,anchor,core,map,
ADD,10.1111/1540-6229.12482,Improving search efficiency in housing markets using online listings,2024,Real Estate Economics,,A/D,I,,recovery,core,map,
N470,10.5392/jkca.2024.24.01.621,Dynamic Relationship between Housing Sales Price and Transaction Volume by Housing Type in the Metropolitan Area,2024,The Journal of the Korea Contents Association,Hae-Jung Chun,C,I,price-volume dynamics by housing type KR,OA|B3,core,synthesis,C2 선행성·정보내용
N549,10.37407/kres.2024.42.1.211,A Study on the Causality of Housing Price and Trading by Cyclical Variation: Focused on Housing market of Seoul,2024,대한부동산학회지,Korea Real Estate Society; han bo me Jun; J. H. Koo,C,I,causality price and trading cyclical variation KR,OA|B3,core,synthesis,C2 선행성·정보내용
R116,10.1057/s41599-025-05260-6,Investors matter when prices are dispersed: the effects of investor activities on housing price dispersion,2025,Humanities and Social Sciences Communications,Zi-Qing Yuan; K. Chau; Xian Zheng,B,I,B price dispersion investors,S2|B2,core,map,
R174,10.1108/ijhma-05-2025-0126,Strategic underpricing and time-on-market: evidence from South Australia’s housing market,2025,International Journal of Housing Markets and Analysis,Clayton Pilat; Chris Leishman,B,I,B underpricing TOM South Australia,HAND|S2|SNOW|B1|B2|HS|SB,core,map,
R175,10.1108/ijhma-10-2025-0231,Buyer behavior under ambiguous price signals: socioeconomic segmentation in a transitional housing market,2025,International Journal of Housing Markets and Analysis,H. Nguyen; H. Truong,B,I,ambiguous low asking price signals buyer behavior,HAND|S2|B1|B2|HS,core,map,
R195,10.3846/ijspm.2025.23319,"Apartment prices, the business cycle and time on market: Evidence from Bucharest",2025,International Journal of Strategic Property Management,Paloma Taltavull de La Paz; Stanley McGreal; Ion Anghel; C. Ciora,A,I,A TOM Bucharest,S2|SNOW|B1|SB,core,synthesis,C2 선행성·정보내용
R386,10.35384/jime.v18i1.850,Correlation Between Data Adjustment and Property Time on Market: Evidence from Jakarta Indonesia,2025,Jurnal Ilmu Manajemen &amp; Ekonomika,Edy Riyanto; Kristian Agung Prasetyo,A/B,I,A/B data adjustment asking price TOM Jakarta,S2|SNOW|B1|B2|SB,core,map,
R571,10.1111/1540-6229.70013,List prices and “hot” real estate markets,2025,Real Estate Economics,Schmidbauer E; Lubensky D,B,I,B list prices hot markets,HAND|SNOW|HS|SB,core,synthesis,C2 선행성·정보내용
R573,10.1111/1540-6229.70024,"Do as essay, not as I do? How inflated list prices of unsold essayer homes affect the price discovery process",2025,Real Estate Economics,Seiler M; Siebert R,B,I,B inflated list prices unsold,HAND|HS,core,map,
R692,10.1007/s11146-025-10012-z,The Effect of Increased Police Spending on House Prices and Sales Volume: A Tale of Two Types of Cities,2025,The Journal of Real Estate Finance and Economics,Brasington D,C,I,C police spending sales volume,HAND|HS,core,map,
N077,10.1108/cfri-09-2024-0583,The geographical spillover effect of a house purchase deregulation policy: evidence from a quasi-experiment in China,2025,China Finance Review International,Zhe Lin; Fernando Moreira; Sheng Zhao; Shiwen Gao,C,I?,HPR deregulation spillover second-hand (full text),OA|B2,core,map,
N101,10.12677/ecl.2025.141419,An Empirical Study of the Impact of Market Sentiment on Housing Turnover,2025,E-Commerce Letters,金秀 孙,C,I?,sentiment housing turnover low-tier,OA|B3,core,map,
N144,10.1111/fire.70004,Housing Market Spillovers in China via Trading Volume: A Comparison of Two Spillover Indexes,2025,Financial Review,Jian Yang; Ziliang Yu; Ziliang Yu,C,I,spillovers via trading volume China,OA|B3,core,synthesis,C2 선행성·정보내용
N194,10.56734/ijahss.v6n6a9,The Impact of Fiscal Policy on Real Estate Transaction Prices and Volumes – A Case Study of Taiwan's Municipalities,2025,International Journal of Arts Humanities & Social Science,Ying- Li Lin,C,I?,fiscal policy Taiwan prices volumes (venue check),OA|B3,core,map,
N216,10.3846/ijspm.2025.23317,"Supply decision of existing apartment: Case study of apartment transactions in Gangdong district, Seoul, Korea",2025,International Journal of Strategic Property Management,Seongwon Lee; Seung-woo Shin; Yeonjae Lee,B/C,I?,supply decision existing apartment Seoul KR (full text),OA|B3,core,map,
N221,10.1016/j.irfa.2025.104222,Impact of carbon prices on household behaviors in housing transactions,2025,International Review of Financial Analysis,Lawrence Kryzanowski; Tingting Wu; Yanting Wu,C,I?,carbon prices housing transactions (full text),OA|B1,core,map,
N223,10.26650/istjecon2025-1707729,From Causes to Forecasts: Granger Causality and Machine Learning Predictions of Housing Sales in Türkiye,2025,Istanbul Journal of Economics / İstanbul İktisat Dergisi,Musa Gün; Ahmet Akusta; Haydar Karadağ,C,I,housing sales Granger ML Türkiye,OA|B3,core,synthesis,C2 선행성·정보내용
R182,10.1108/ijhma-01-2026-0019,Price discounting and seller satisfaction in existing-home transactions: evidence from Japan,2026,International Journal of Housing Markets and Analysis,Toshiyuki Okoshi,B,I,B price discounting negotiation Japan,HAND|S2|B1|B2|HS,core,map,
R183,10.1108/ijhma-01-2026-0009,Heterogeneous buyers and relative negotiation advantage: how ambiguous price signals reshape transaction outcomes in opaque markets,2026,International Journal of Housing Markets and Analysis,H. Truong; H. Nguyen,B,I,ambiguous price signals negotiation advantage,HAND|S2|B2|HS,core,map,
R197,10.3846/ijspm.2026.25135,Market effects of government reference price for resale housing transactions,2026,International Journal of Strategic Property Management,Yan-Jiang Zhang; Danni Xing; Xiao-Feng Yu; Xiao Yu,B/C,I?,reference price policy resale Shenzhen (full text),S2|B1|B2,core,map,
R268,10.1108/jerer-12-2025-0098,Liquidity in housing markets: the effect of news sentiment on time on market,2026,Journal of European Real Estate Research,Filip von Wehrt; Heidi Falkenbach,A/D,I,A/D news sentiment TOM,HAND|S2|B1|HS,core,synthesis,C2 선행성·정보내용
R273,10.4236/jfrm.2026.152007,Housing Prices and Transaction Volumes in Taiwan Region’s Six Major Cities,2026,Journal of Financial Risk Management,Hsiu-Tao Teng; Chien-Hui Lee; Jen-Yao Lee,C,I,C prices volumes Taiwan,SNOW|SB,core,synthesis,C2 선행성·정보내용
R294,10.1016/j.jhe.2026.102163,House hunting high and low: Constructing a Housing Search Index for Portugal,2026,Journal of Housing Economics,Godinho F; Neugebauer K,D,I,D,HAND|HS,core,synthesis,C2 선행성·정보내용
R342,10.1080/09277544.2026.2740376,When Discounts Fail to Clear: Price–Liquidity Divergence and Selective Shadow Costs in an Opaque Housing Market,2026,Journal of Real Estate Literature,Truong H; Nguyen H,B/C,I,B/C discounts fail to clear,HAND|SNOW|HS|SB,core,map,
R344,10.1080/09277544.2026.2657471,Digital and Strategic Approaches in Real Estate Marketing in Turkey: An Analysis of Time on Market Based on the Case of Bolu Province,2026,Journal of Real Estate Litterature,Onur Koyunoğlu; Yeşim Tanrıvermiş; Mehmet Ülger,A,I,A Turkey TOM,HAND|S2|B1|HS,core,map,
R378,10.1061/jupddm.upeng-5857,Understanding Housing Market Dynamics through a Joint Model of Time-on-Market Duration and Listing Outcome of Residential Property Listings,2026,Journal of urban planning and development,Yicong Liu; S. Shakib; E. Miller; K. N. Habib,A,I,A joint model TOM outcome,S2|B1,core,synthesis,C2 선행성·정보내용
R395,10.37407/kres.2026.44.3.315,A Study on the Typology of the Busan Housing Market Considering Price Differentiation and Transaction Liquidity,2026,Korea Real Estate Society,Y. Oh,C,I,C Busan typology KR,S2|B3,core,synthesis,C1 측정·정의·지수
R399,10.24957/hsr.2026.34.2.101,Determinants of Time to Close in Housing Transactions: Evidence from Survival Analysis,2026,Korean Association for Housing Policy Studies,Hyungkeun Kim,A,I,A time to close KR 2026,S2|B1,core,synthesis,C1 측정·정의·지수
R631,10.1287/mnsc.2023.00917,Observational Learning and Information Disclosure in Search Markets,2026,Social Science Research Network,Ziying Fan; Xi Weng; Li‐An Zhou; Yiyi Zhou,A/D,I,observational learning home viewings ManSci2026,S2|B1,core,map,
R696,10.1007/s11146-026-10080-9,"Frozen Markets, Falling Prices: Illiquidity and Bounded Price Discovery in U.S. Neighborhood Housing Markets",2026,The Journal of Real Estate Finance and Economics,Kang H; Lee S,C,I,C Frozen markets 2026,HAND|HS,core,synthesis,C2 선행성·정보내용
ADD,10.1086/742710,Why Is Intermediating Houses So Difficult? Evidence from iBuyers,2026,Journal of Political Economy,,C,I,Buchak et al. (journal version of SSRN R615),resolver,core,map,
ADD,10.1108/jerer-07-2025-0060,From digital search to deed: forecasting UK housing purchases in Spain using Google Trends across the Brexit divide,2026,Journal of European Real Estate Research,,D,I,,recovery,core,synthesis,C2 선행성·정보내용
ADD,10.1108/ijhma-07-2026-0273,Capitalizing consumer school ratings into residential listing prices: evidence from Greater Houston,2026,International Journal of Housing Markets and Analysis,,B,I,peripheral listing prices (full text),recovery,core,map,
N029,10.1080/00036846.2026.2625433,The unintended consequences of credit-easing policies: evidence from the housing market,2026,Applied Economics,Mingming Fan; Shuxian Hong; Xiaodong Wang; Y. Yang,C,I?,credit-easing Shanghai dynamics (full text),OA|B2,core,map,
N119,10.1007/s10660-026-10107-6,Dynamic hierarchical network-based framework for constructing a predictive index of offer–listing price differences in real estate E-commerce,2026,Electronic Commerce Research,Anqi Xu; Yuanyuan Gao; Hongwei Du; Nancy Liu,B/D,I,predictive index offer-listing price difference,OA|B2,core,synthesis,C2 선행성·정보내용
N166,10.52344/hfr.2026.10.1.133,Apartment Transaction Volume and Price Volatility: Construction and Application of a Transaction-Volume-Based Price Uncertainty Index,2026,Housing Finance Research,Chunil Kim,C,I,transaction-volume-based index KR,OA|B3,core,synthesis,C2 선행성·정보내용
N185,10.1098/rsfs.2025.0069,From prediction to explanation for price–volume dynamics in real estate market,2026,Interface Focus,Dat Anh Le; Sutharshan Rajasegarar; Wei Luo; Thanh Thi Nguyen; Maia N Angelova,C,I,price-volume dynamics explanation,OA|B3,core,synthesis,C2 선행성·정보내용
N347,10.24957/hsr.2026.34.3.267,Does Online Apartment Listing Volume Lead Price Changes?: The Role of Transaction Volume and a Comparison of Sale and Jeonse Markets,2026,Korean Association for Housing Policy Studies,Juhyeon Park,B/C/D,I,online listing volume leads price changes KR,OA|B3,core,synthesis,C2 선행성·정보내용
N355,10.1287/mnsc.2024.08149,Transaction Sequencing and House Price Pressures,2026,Management Science,Morten Haabeth Grindaker; Artashes Karapetyan; Espen R. Moen; Plamen T. Nenov,C,I,transaction sequencing house price pressures Management Science,OA|B3,core,map,
N431,10.1093/rfs/hhaf101,Cooling Auction Fever: Evidence from the Housing Market,2026,Review of Financial Studies,Antonio Gargano; Marco Giacoletti,B,I,underquoting auctions RFS,OA|B2,core,map,
N556,10.5626/ktcp.2026.32.3.89,Real Estate News Data by Living District in Seoul Trend Analysis Research Through Topic Modeling and Sentiment Analysis: Focusing on Apartment and Non-Apartment Transaction Volume,2026,정보과학회 컴퓨팅의 실제 논문지,Seyoung Yoon; Taehoon Kim,D,I,news sentiment and transaction volume topic modeling 정보과학회 KR,OA|B3,core,synthesis,C2 선행성·정보내용
R650,10.1007/bf01097024,"Price concessions, time on the market, and the actual sale price of homes",1993,The Journal of Real Estate Finance and Economics,Paul K. Asabere; F. E. Huffman,B,I,B price concessions TOM 1993,HAND|S2|SNOW|B1|B2|HS|SB,peripheral,map,
ADD,10.1080/10835547.1995.12090770,Bigger is not Better: Brokerage and Time on the Market,1995,Journal of Real Estate Research,,A,I,peripheral brokerage TOM,recovery2,peripheral,map,
R348,10.1080/10835547.1996.12090852,Time on the Market: The Impact of Residential Brokerage.,1996,Journal of Real Estate Research,G. Jud; Terry G. Seaks; Daniel T. Winkler,A,I,A TOM brokerage 1996,HAND|S2|SNOW|B1|HS|SB,peripheral,map,
R714,10.1080/713707223,Time On-market and Price Trade-offs in High-rise Housing Sub-markets,2000,Urban Studies,S. Ong; Yen Ching Koh,A/B,I,A/B TOM high-rise UrbanStudies2000,HAND|S2|SNOW|B1|B2|HS|SB,peripheral,map,
R349,10.1080/10835547.2001.12091065,Exterior Insulation and Finish Systems: The Effect on Residential Housing Prices and Marketing Time,2001,Journal of Real Estate Research,Ken H. Johnson; S. Salter; L. Zumpano; Randy I. Anderson,A,I,A EIFS marketing time,HAND|S2|B1|HS,peripheral,map,
ADD,10.1111/1080-8620.00016,The Impacts of Contract Type on Broker Performance,2001,Real Estate Economics,,A,I,peripheral broker contract TOM,recovery2,peripheral,map,
R345,10.1080/10835547.2004.12091605,Salesperson Bonuses and Their Impact on Residential Property Price and Time on Market,2004,Journal of Real Estate Practice and Education,Ken H. Johnson; Randy I. Anderson; Justin D. Benefield,A,I,A salesperson bonuses TOM,S2|SNOW|B1|SB,peripheral,map,
R422,10.1080/14445921.2004.11104165,The Impact of Pricing on Time-on-Market in High-Rise Multiple-Unit Residential Developments,2004,Pacific Rim Property Research Journal,Wei-Fang Li,A,I,A pricing TOM high-rise,S2|SNOW|B1|B2|SB,peripheral,map,
R657,10.1007/s11146-005-0994-4,The Impact of Range Pricing on Marketing Time and Transaction Price: A Better Mousetrap for the Existing Home Market?,2004,The Journal of Real Estate Finance and Economics,M. Allen; Sheri Faircloth; Ronald C. Rutherford,B,I,B range pricing,HAND|S2|SNOW|B1|B2|HS|SB,peripheral,map,
ADD,10.1016/j.jfineco.2004.06.006,Conflicts between principals and agents: evidence from residential brokerage,2005,Journal of Financial Economics,,A,I,agent-owned TOM,anchor,peripheral,map,
R296,10.1080/10835547.2007.12091974,"Off-Dollar Pricing, Residential Property Prices, and Marketing Time",2007,Journal of Housing Research,S. Salter; Ken H. Johnson; W. Paul Spurlin,A/B,I,A/B off-dollar pricing marketing time,HAND|S2|SNOW|B1|B2|HS|SB,peripheral,map,
R661,10.1007/s11146-007-9081-3,"School Quality, House Prices and Liquidity",2008,The Journal of Real Estate Finance and Economics,Velma Zahirovic-Herbert; G. Turnbull,A,I,A school quality liquidity,HAND|S2|SNOW|B1|HS|SB,peripheral,map,
ADD,10.1162/rest.90.4.599,Market Distortions When Agents Are Better Informed: The Value of Information in Real Estate Transactions,2008,Review of Economics and Statistics,,A,I,agent-owned TOM price,anchor,peripheral,map,
R453,10.1108/02637470910998483,"Neighborhood amenity packages, property price, and marketing time",2009,Property Management,Justin D. Benefield,A,I,A amenity packages marketing time,S2|SNOW|B1|SB,peripheral,map,
R506,10.1111/j.1540-6229.2009.00234.x,Estimating the House Foreclosure Discount Corrected for Spatial Price Interdependence and Endogeneity of Marketing Time,2009,Real Estate Economics,T. Clauretie; N. Daneshvary,A,I,A foreclosure discount marketing time,HAND|S2|SNOW|B1|HS|SB,peripheral,map,
N406,10.1108/02637470910979998,Sole agency vs multi‐agency: an investigation of agency practice across England and Wales,2009,Property Management,Qiulin Ke; Michael Jayne; David Isaac,A,I?,sole vs multi agency practice England (sale time outcome? Property Management; full text) [peri],OA|B3,peripheral,map,
R511,10.1111/j.1540-6229.2010.00285.x,"Why Do Vacant Houses Sell for Less: Holding Costs, Bargaining Power or Stigma?",2010,Real Estate Economics,Turnbull G; Zahirovic‐Herbert V,A,I,A vacant houses liquidity,HAND|SNOW|HS|SB,peripheral,map,
R668,10.1007/s11146-010-9235-6,The Transitory and Legacy Effects of the Rental Externality on House Price and Liquidity,2010,The Journal of Real Estate Finance and Economics,Turnbull G; Zahirovic-Herbert V,A,I,A rental externality liquidity,HAND|SNOW|HS|SB,peripheral,map,
R355,10.1080/10835547.2011.12091320,"Sale Price, Marketing Time, and Limited Service Listings: The Influence of Home Value and Market Conditions",2011,Journal of Real Estate Research,Justin D. Benefield; M. Pyles; Anne Gleason,A,I,A limited service listings,HAND|S2|SNOW|B1|HS|SB,peripheral,map,
R517,10.1111/j.1540-6229.2011.00319.x,Discount Brokerage in Residential Real Estate Markets,2012,Real Estate Economics,Rutherford R; Yavas A,A,I,A discount brokerage liquidity,HAND|SNOW|HS|SB,peripheral,map,
R672,10.1007/s11146-010-9237-4,Quality & Time-on-the-Market in Residential Markets,2012,The Journal of Real Estate Finance and Economics,Jun Chen; Ronald C. Rutherford,A,I,A quality TOM,HAND|S2|SNOW|B1|HS|SB,peripheral,map,
R673,10.1007/s11146-011-9301-8,The Effects of Estate Sales of Residential Real Estate on Price and Marketing Time,2012,The Journal of Real Estate Finance and Economics,Justin D. Benefield; Ronald C. Rutherford; M. Allen,A,I,A estate sales marketing time,HAND|S2|SNOW|B1|HS|SB,peripheral,map,
R775,10.1080/10835547.2012.12091701,"Technology in Residential Brokerage: Showing Appointment Scheduling Services, Property Prices, and Marketing Times",2012,Journal of Real Estate Practice and Education,M. Allen; Justin D. Benefield,A,I,showing appointment technology JREPE2012,SNOW|SB,peripheral,map,
ADD,10.1080/02673037.2012.728576,Explaining the Pace of Foreclosed Home Sales during the US Foreclosure Crisis: Evidence from Atlanta,2012,Housing Studies,,A,I,pace of foreclosed sales,recovery2,peripheral,map,
N104,10.1111/j.1465-7295.2012.00473.x,DO REAL ESTATE BROKERS ADD VALUE WHEN LISTING SERVICES ARE UNBUNDLED?,2012,Economic Inquiry,B. Douglas Bernheim; Jonathan Meer,A,I,brokers unbundled listing services timing of sales,OA|B2,peripheral,map,
R299,10.1080/10835547.2013.12092074,"Ease-of-Access, Home Prices, and Marketing Times: The Choice of Lockbox Type",2013,Journal of Housing Research,Benefield J; Morgan J,A,I,A,HAND|SNOW|HS|SB,peripheral,map,
R523,10.1111/j.1540-6229.2012.00338.x,Flooding and Liquidity on the Bayou: The Capitalization of Flood Risk into House Value and Ease-of-Sale,2013,Real Estate Economics,Geoffrey K. Turnbull; Velma Zahirovic-Herbert; Chris Mothorpe,A,I,A flooding liquidity,HAND|S2|SNOW|B1|HS|SB,peripheral,map,
N350,10.3368/le.89.4.614,The Effect of the BP Oil Spill on Volume and Selling Prices of Oceanfront Condominiums,2013,Land Economics,Daniel T. Winkler; Bruce L. Gordon,C,I,BP oil spill sales volume prices condos Land Economics [peri],OA|B3,peripheral,map,
R525,10.1111/1540-6229.12028,Estimating the Effect of Crime Risk on Property Values and Time on Market: Evidence from Megan’s Law in Virginia,2014,Real Estate Economics,Scott A. Wentland; Bennie D. Waller; Raymond Brastow,A,I,A crime risk TOM,HAND|S2|SNOW|B1|HS|SB,peripheral,map,
R678,10.1007/s11146-013-9452-x,"Real Estate Agents, House Prices, and Liquidity",2014,The Journal of Real Estate Finance and Economics,Munneke H; Ooi J; Sirmans C; Turnbull G,A,I,A agents prices liquidity,HAND|HS,peripheral,map,
R358,10.1080/10835547.2015.12091428,Seller - Paid Concessions from 2004 to 2012: Implications for House Selling Price and Days on the Market,2015,Journal of Real Estate Research,Winkler D; Gordon B,A,I,A seller concessions DOM,HAND|HS,peripheral,map,
ADD,10.1080/10835547.2015.12091422,Effects of Real Estate Brokers' Marketing Strategies: Public Open Houses and MLS Virtual Tours,2015,Journal of Real Estate Research,,A,I,peripheral broker marketing TOM,resolver,peripheral,map,
N298,10.5762/kais.2015.16.11.7672,A study on the information effect of property market,2015,Journal of the Korea Academia-Industrial cooperation Society,HyunWook Ryu,C,I?,information effect property market KR (volume-price dynamics; full text) [peri],OA|B3,peripheral,map,
N407,10.1108/pm-01-2014-0006,Selling a house and the decision to use a real estate broker in Norway,2015,Property Management,Mary Ann Stamsø,A,I?,FSBO vs broker Norway (sale time? Property Management; full text) [peri],OA|B2,peripheral,map,
R808,10.3934/qfe.2017.1.94,The Price Concessions of High- and Low-Priced Housing in a Period of Financial Crisis,2017,Quantitative Finance and Economics,I. Tsai; Huey-Cherng Tsai,B/C,I,price concessions high-low priced Taiwan QFE2017,S2|B1,peripheral,map,
ADD,10.1108/ijhma-06-2016-0045,Do hurricanes matter?,2017,International Journal of Housing Markets and Analysis,,A,I,peripheral hurricanes TOM (full text),recovery2,peripheral,map,
R359,10.1080/10835547.2018.12091512,Limited Service Brokerage: Positive Broker Intermediation?,2018,Journal of Real Estate Research,"Jessica, M. Rutherford; Ronald C. Rutherford; T. Springer; Joseph E. Mohr",A,I,A limited service brokerage TOM,HAND|S2|B1|HS,peripheral,map,
R427,10.1016/j.physa.2018.08.126,Time on market (TOM): The impact of new residential stamp duty,2018,Physica A: Statistical Mechanics and its Applications,Cong Liang; E. Hui; T. Yip,A,I,A TOM stamp duty,S2|SNOW|B1|SB,peripheral,map,
N277,10.30902/jrea.2018.4.1.55,The Effect of Interest Rates on Housing Market,2018,Journal of Real Estate Analysis,Jong Man Heo; Young Soo Lee,C,I?,interest rates housing market VAR KR (volume var? full text) [peri],OA|B3,peripheral,map,
R236,10.1016/j.jeem.2019.102270,Energy performance certification and time on the market,2019,Journal of Environmental Economics and Management,E. Aydın; S. Correa; D. Brounen,A,I,A EPC TOM JEEM,S2|B1,peripheral,map,
R543,10.1111/1540-6229.12301,Foreclosure Externalities and Home Liquidity,2019,Real Estate Economics,Xun Bian; Raymond Brastow; B. Waller; Scott A. Wentland,A,I,A foreclosure externalities liquidity,HAND|S2|B1|B2|HS,peripheral,map,
N278,10.30902/jrea.2019.5.1.1,Korean Housing Market Dynamics: A VAR Analysis with Sign Restrictions,2019,Journal of Real Estate Analysis,Sun-Ok Min; Young Soo Lee,C,I?,Korean housing dynamics sign-restricted VAR (transaction volume var? full text) KR [peri],OA|B3,peripheral,map,
N423,10.22313/reik.2019.17.1.187,A Study on the Characteristics of Residential Preference Area according to Apartment Price and Trading Volume in Busan,2019,Residential Environment Institute Of Korea,Yun Kyung Oh; Jeong Gyu Kang,C,I?,residential preference area price and trading volume Busan KR (full text) [peri],OA|B3,peripheral,map,
R028,10.1080/13504851.2019.1616047,Waiting after the storm: the effect of flooding on time on the housing market in coastal Virginia,2020,Applied Economics Letters,Timothy M. Komarek; L. Filer,A,I,A flooding TOM,S2|SNOW|B1|SB,peripheral,map,
R055,10.1155/2020/4603190,Predicting Days on Market to Optimize Real Estate Sales Strategy,2020,Complex,M. Castelli; M. Dobreva; R. Henriques; L. Vanneschi,A,I,A DOM prediction Bulgaria,S2|B1,peripheral,map,
R302,10.1080/10527001.2020.1846355,The Omission of House Age in MLS Database Listings: The Effect on Selling Price and Time on Market,2020,Journal of Housing Research,Bruce L. Gordon; Daniel T. Winkler,A,I,A,HAND|S2|B1|HS,peripheral,map,
R329,10.1080/09599916.2020.1740765,Restrictions versus amenities: the differential impact of home owners associations on property marketability,2020,Journal of Property Research,K. Goodwin; C. R. La Roche; B. Waller,A,I,A HOA marketability,HAND|S2|B1|HS,peripheral,map,
R343,10.1080/09277544.2021.1876433,The Effect of Virtual Tours on House Price and Time on Market,2020,Journal of Real Estate Litterature,Wei Yu; Zhong-Min Ma; Gautam Pant; Jing Hu,A,I,A virtual tours TOM,HAND|S2|B1|HS,peripheral,map,
R153,10.1108/ijhma-05-2021-0062,The influence of design-related features on houses time-on-market: a statistical analysis,2021,International Journal of Housing Markets and Analysis,Samer BuHamdan; Seyedmohammadamin Minayhashemi; A. Alwisy; A. Bouferguene,A,I,A design features TOM,HAND|S2|SNOW|B1|HS|SB,peripheral,map,
R304,10.1080/10527001.2021.2003504,Selling Prices and Time on the Market of Houses Sold through Relocation Management Companies,2021,Journal of Housing Research,Bruce L. Gordon; Daniel T. Winkler,A,I,A,HAND|S2|B1|HS,peripheral,map,
R305,10.1080/10527001.2021.1985361,Do As I Say and As I Do: Revisiting Price and Time-on-Market for Agent-Owned Properties,2021,Journal of Housing Research,Heather R. Bono; Justin D. Benefield; M. Allen,A,I,A,HAND|S2|SNOW|B1|HS|SB,peripheral,map,
R334,10.1007/s11146-020-09811-3,Sex and Selling: Agent Gender and Bargaining Power in the Resale Housing Market,2021,Journal of real estate finance and economics,D. T. Pham; G. Turnbull; B. Waller,A,I,A agent gender selling time,HAND|S2|B1|B2|HS,peripheral,map,
R335,10.1007/s11146-021-09846-0,Price and Liquidity Dynamics for Single and Multi-Family Homes during Housing Market Shocks,2021,Journal of real estate finance and economics,Nicholas B. Irwin; Mitchell R. Livy,A/C,I,A/C,HAND|S2|SNOW|B2|HS|SB,peripheral,map,
R364,10.1080/08965803.2021.1882789,Days and Confused: Housing Price and Liquidity Response to New Local Public Schools,2021,Journal of Real Estate Research,Irwin N; Livy M,A/C,I,A/C schools liquidity,HAND|SNOW|HS|SB,peripheral,map,
ADD,10.1007/s11146-020-09808-y,Neighborhood Institutions and Residential Home Sales: Evaluating the Impact of Property Tax Exemptions,2021,The Journal of Real Estate Finance and Economics,,C,I,peripheral home sales (full text),recovery2,peripheral,map,
N310,10.19168/jyasar.796275,Analysis of Factors Affecting Housing Sales in Turkey,2021,Journal of Yaşar University,Zeynep Çolak,C,I?,"factors affecting housing sales Turkey (venue check: Yaşar Univ J, low-tier) [peri]",OA|B3,peripheral,map,
N387,10.1080/02697459.2020.1859776,Does the Diversity of New Build Housing Type and Tenure Have a Positive Influence on Residential Absorption Rates? An Investigation of Housing Completion Rates in Leeds City Region,2021,Planning Practice and Research,Paul Michael Greenhalgh; David McGuinness; Simon Robson; Kathryn Bowers,C,I?,absorption rates new build diversity (new-build only; Planning Practice & Research) [peri],OA|B3,peripheral,map,
N529,10.35136/krer.31.4.1,"The Effects of Seller s Credit Risk, Debt Condition, and Real Estate Asset on Apartment s Asking Price",2021,부동산학연구 (Korea Real Estate Review),Sung Ho Choi; kyu hyun Ji; Kyung Soo Kim; Chang Gyu Choi,B,I?,seller credit risk asking price KR (venue missing; find journal) [peri],OA|B2,peripheral,map,
R067,10.1016/j.ecolecon.2022.107482,Time is money: Water quality's impact on home liquidity and property values,2022,Ecological Economics,Nicholas B. Irwin; David M. Wolf,A,I,A water quality home liquidity,SNOW|SB,peripheral,map,
R114,10.1080/02673037.2022.2074971,The effect of virtual reality on the marketing of residential property,2022,Housing Studies,Chuyi Xiong; K. Cheung; D. Levy; Michael Allen,A,I,A VR marketing residential (TOM outcome),HAND|S2|B1|HS,peripheral,map,
R156,10.1108/ijhma-07-2022-0099,The Effects of Visual Technology on Price Discovery for Residential Listings and Transactions,2022,International Journal of Housing Markets and Analysis,Seow Eng Ong; W. Wong; Davin Wang; Choon Peng Lai,B,I,B visual tech price discovery listings,HAND|S2|SNOW|B1|HS|SB,peripheral,map,
R157,10.1108/ijhma-02-2022-0024,Short-run effects of hurricanes on the housing markets: evidence from Florida,2022,International Journal of Housing Markets and Analysis,Can Dogan; Mustafa Hattapoglu; Indrit Hoxha,C,I?,hurricanes short-run housing markets (full text to confirm indicator),HAND|S2|SNOW|B1|B2|HS|SB,peripheral,map,
R221,10.1016/j.asieco.2022.101544,"Effect of COVID-19 lockdowns on city-center and suburban housing markets: Evidence from Hangzhou, China",2022,Journal of Asian Economics,I. Tsai; Y. Chiang; Shih-Yuan Lin,C,I?,COVID lockdown Hangzhou (full text),S2|B1|B2,peripheral,map,
R278,10.1007/s10901-022-09994-6,A comparison of banks and real estate intermediaries as house sellers,2022,Journal of Housing and the Built Environment,J. Montalvo; J. Raya,A,I,A banks vs intermediaries sellers,HAND|S2|SNOW|B1|B2|HS|SB,peripheral,map,
R307,10.1080/10527001.2022.2078530,The Odd One Out? The Impact of Property Uniqueness on Selling Time and Selling Price,2022,Journal of Housing Research,Lily Shen; T. Springer,A,I,A,HAND|S2|SNOW|B1|HS|SB,peripheral,map,
R317,10.2478/jos-2022-0017,Early Real Estate Indicators during the COVID-19 Crisis,2022,Journal of Official Statistics,Norbert Pfeifer; Miriam Steurer,B/D,I,B/D early indicators list-price data,S2|B1|B2,peripheral,synthesis,C1 측정·정의·지수
R336,10.1007/s11146-022-09913-0,Time on Market and the Cash Discount for Condos,2022,Journal of real estate finance and economics,Eli Beracha; J. Freybote; Zhenguo Lin; Michael J. Seiler,A,I,A TOM cash discount,HAND|S2|B1|HS,peripheral,map,
R554,10.1111/1540-6229.12388,Tracing the source of liquidity for distressed housing markets,2022,Real Estate Economics,Ganduri R; Xiao S; Xiao S,C,I,C liquidity distressed markets investors,HAND|HS,peripheral,map,
R556,10.1111/1540-6229.12410,"Ethnicity in housing markets: Buyers, sellers and agents",2022,Real Estate Economics,Bikmetova N; Turnbull G; Zahirovic‐Herbert V,A,I?,ethnicity buyers sellers agents (full text),HAND|HS,peripheral,map,
R729,10.1177/00420980221110785,The housing market reaction to the combustible cladding crisis: Safety or financial concerns?,2022,Urban Studies,Melser D,A,I?,cladding crisis reaction (full text),HAND|HS,peripheral,map,
N019,10.1257/mac.20200037,The Propagation of Demand Shocks through Housing Markets,2022,American Economic Journal Macroeconomics,Elliot Anenberg; Daniel R. Ringo,C,I,demand shocks propagation sales chains AEJ,OA|B3,peripheral,map,
N296,10.11361/journalcpij.57.320,Changing trends in the transaction volume of existing houses during the COVID-19 pandemic,2022,Journal of the City Planning Institute of Japan,Masatomo Suzuki; Sachio Muto,C,I,existing-house transaction volume COVID Tokyo JP (English abstract; JCPIJ) [peri],OA|B3,peripheral,map,
N300,10.5762/kais.2022.23.1.374,An Empirical Study on the Nonlinear Price Increase Expectation Effect: Focusing on Apartment Transaction Price and Transaction Volume,2022,Journal of the Korea Academia-Industrial cooperation Society,Ki-Sun Hong; Xue Wang; Youngsik Kwak; Jae-Won Hong,C,I?,price-increase expectation effect apartment transactions KR (full text) [peri],OA|B3,peripheral,map,
N354,10.1287/mnsc.2021.4285,Do Sunk Costs Affect Prices in the Housing Market?,2022,Management Science,Dimuthu Ratnadiwakara; Vijay Yerramilli,B,I?,sunk costs list prices housing Management Science (list price outcome? full text) [peri],OA|B2,peripheral,map,
N542,10.17208/jkpa.2022.10.57.5.174,Impacts of Mortgage Loan Regulation for High-Price Housing on Changes in Its Price and Trading Volume,2022,국토계획,Moon-Gyu Choi; Hyungun Sung,C,I,mortgage regulation high-price housing price and trading volume 국토계획 KR [peri],OA|B3,peripheral,map,
R279,10.1007/s10901-023-10047-9,"Sales prices, social rigidity and the second home property market",2023,Journal of Housing and the Built Environment,Hjalager A; Sørensen M; Steffansen R; Staunstrup J,C,I?,second home trading patterns (full text),HAND|HS,peripheral,map,
R401,10.4314/lje.v7i1.3,"Efficiency of distressed property sales in Lagos city, Nigeria",2023,Lapai Journal of Economics,J. O. Ataguba; C. U. Ugonabo,A,I?,distressed sales efficiency Lagos low-tier (full text),S2|SNOW|B1|SB,peripheral,map,
R559,10.1111/1540-6229.12466,The impact of real estate agents’ expertise on house prices and TOM,2023,Real Estate Economics,Lu Fang; Darren K. Hayunga,A,I,A agent expertise TOM,HAND|S2|B1|HS,peripheral,map,
ADD,10.1016/j.jhe.2022.101906,Web-scraping housing prices in real-time: The Covid-19 crisis in the UK,2023,Journal of Housing Economics,,B/D,I,,recovery,peripheral,synthesis,C1 측정·정의·지수
ADD,10.1111/1540-6229.12426,School quality as a catalyst for bidding wars and new housing development,2023,Real Estate Economics,,B/C,I,peripheral bidding wars (full text),recovery2,peripheral,map,
R122,10.1287/isre.2021.9138,Does Virtual Reality Help Property Sales? Empirical Evidence from a Real Estate Platform,2024,Information systems research,Zhen-Bin Yan; Zixuan Meng; Yong Tan,A/D,I,VR property sales platform ISR2025,S2|B1,peripheral,map,
R167,10.1108/ijhma-12-2023-0179,The effect of the COVID-19 pandemic on TOM in the housing market,2024,International Journal of Housing Markets and Analysis,Askar H. Choudhury,A,I,A COVID TOM,HAND|S2|SNOW|B1|HS|SB,peripheral,map,
R173,10.1108/ijhma-08-2024-0118,Spatial heterogeneity in housing price-transaction ratios: a historical analysis of Tehran,2024,International Journal of Housing Markets and Analysis,Roohani Qadikolaei M; Hatami Y; Nikmard Namin S; Soltani A,C,I,C price-transaction ratios Tehran,HAND|HS,peripheral,map,
N279,10.30902/jrea.2024.10.2.37,Study on the Determinants of Housing Sales Transaction Volume Considering Population Factors,2024,Journal of Real Estate Analysis,Kwang-Jin Jung; Seok Hee Lee,C,I,determinants housing sales transaction volume population KR [peri],OA|B3,peripheral,map,
N496,10.1016/j.ugj.2024.04.001,Examining the policy outcomes of cancelling the house purchase restriction: quasi-experimental evidence from China,2024,Urban Governance,Xinghua Zhao; Bing Han; Yiming Guan; Zheng Cheng; Yuexi Yang,C,I?,HPR cancellation outcomes China (transaction volume outcome? full text; Urban Governance) [peri],OA|B3,peripheral,map,
N532,10.35136/krer.34.2.2,Impact of Corporate Transaction Volume Ratio on Apartment Prices,2024,부동산학연구 (Korea Real Estate Review),Hee Kwan Kim; Joon Sun Yang; Sanggun Lee,C,I?,corporate transaction volume ratio apartment prices KR (venue missing) [peri],OA|B3,peripheral,map,
N554,10.31303/krear.2024.94.53,A Study on the Impact of Housing Consumer Sentiment and Demographic Changes on the Housing Sales Market,2024,부동산학보,Eung Soo Kim; Sung Gu Jang,C,I?,sentiment demographics housing sales market 부동산학보 KR (volume? full text) [peri],OA|B3,peripheral,map,
R052,10.1016/j.cities.2025.105852,Do walkable neighborhoods reduce the time to sell foreclosed properties?,2025,Cities,Jaewoong Won; Chanam Lee; Shannon Van Zandt,A,I,A time to sell foreclosed Cities,SNOW|SB,peripheral,map,
R565,10.1111/1540-6229.70025,Perception of risk and user cost in property markets: Evidence from Surfside partial building collapse,2025,Real Estate Economics,Eli Beracha; Lu Fang; William G. Hardin; Mark Thibodeau,A,I?,Surfside collapse market dynamics (full text),HAND|S2|B1|B2|HS,peripheral,map,
R566,10.1111/1540-6229.70023,Online real estate agencies and their impact on the housing market,2025,Real Estate Economics,Cigdem Gedikli; Robert J. Hill; Oleksandr Talavera; Okan Yılmaz,A,I?,online agencies impact (full text),HAND|S2|B1|B2|HS,peripheral,map,
R567,10.1111/1540-6229.12524,Information sharing across MLS platforms and housing prices: Evidence from a temporary suspension of an agreement,2025,Real Estate Economics,Cheng P; D'Lima W; Lin Z; Yang L,A/B,I?,MLS data sharing suspension (full text),HAND|HS,peripheral,map,
ADD,10.1016/j.jhe.2025.102062,"Selling price, time on the market, and contractual contingencies",2025,Journal of Housing Economics,,A,I,Lin Seiler Siebert,recovery2,peripheral,map,
N196,10.1016/j.ijdrr.2025.105797,"Fear of accidents in nuclear power plants, shocks to the housing market and effective policies to mitigate these: evidence from Sweden",2025,International Journal of Disaster Risk Reduction,Tommaso Piseddu,A/C,I?,nuclear fear Swedish housing shocks (full text),OA|B1,peripheral,map,
N303,10.37642/jkremr.2025.12.15,A Study on the Impact of Demographic Changes on Housing Transaction Volume : Focusing on the Application of the VECM,2025,Journal of the Korea Real Estate Management Review,전주대학교 부동산국토정보학과 객원교수; Wang-Su Kim; Mi-Ra Kim; Sook-Yi Park,C,I,demographic change housing transaction volume KR [peri],OA|B3,peripheral,map,
R180,10.1108/ijhma-04-2026-0122,Urban disruptions and housing market dynamics: evidence from San Francisco,2026,International Journal of Housing Markets and Analysis,Wan-Hsiu Cheng; Chun-Da Chen; Shih-Chieh Chiu,A,I?,urban disruptions SF market dynamics (full text),HAND|S2|SNOW|B1|B2|HS|SB,peripheral,map,
R184,10.1108/ijhma-01-2026-0014,From tariffs to roofs: the spillover effects of trade policy on housing markets,2026,International Journal of Housing Markets and Analysis,Dogan C; Hoxha I,C,I?,tariffs housing outcomes (full text),HAND|HS,peripheral,map,
R185,10.1108/ijhma-04-2026-0100,"Economic shocks and housing market dynamics: evidence from Shelby County, Tennessee",2026,International Journal of Housing Markets and Analysis,Kamkar F; De Freitas J; Sunderman M,A/C,I?,economic shocks Shelby County (full text),HAND|HS,peripheral,map,
R323,10.1108/jpif-01-2026-0008,Does AI-generated listing language affect property market outcomes for investors?,2026,Journal of Property Investment &amp; Finance,Clayton Pilat; Chris Leishman,A,I?,AI listing language outcomes JPIF2026 (full text),S2|B1,peripheral,map,
R575,10.1111/1540-6229.70065,Real estate agents’ collaboration and housing outcomes,2026,Real Estate Economics,Lu Fang; Darren K. Hayunga; Henry J. Munneke,A,I,A agents collaboration outcomes,HAND|S2|B1|B2|HS,peripheral,map,
N247,10.1093/jeg/lbag064,"Flood risk information, housing markets, and spatial inequality",2026,Journal of Economic Geography,Allan Beltrán; Karlygash Kuralbayeva; Eileen Tipoe,A/C,I?,flood risk info housing markets (full text),OA|B1,peripheral,map,
N282,10.30902/jrea.2026.12.1.105,Heterogeneity in Housing Market Adjustment Structures across Regions,2026,Journal of Real Estate Analysis,Jin Hee Han; H. S. Oh,C,I?,regional adjustment structures (volume? full text) KR [peri],OA|B3,peripheral,map,
N283,10.30902/jrea.2026.12.1.149,Price-Tier Adjustment and Spatial Concentration in Seoul’s Apartment Market During a Period of Interest Rate Changes,2026,Journal of Real Estate Analysis,Juyoun Lee,C/B,I?,price-tier adjustment Seoul (volume? full text) KR [peri],OA|B3,peripheral,map,
N284,10.30902/jrea.2026.12.2.27,An Analysis of the Spatial Spillover Effects of Lifting Land Transaction Permit Zone Designation Using Distance-Band Spatial Difference-in-Differences (DID),2026,Journal of Real Estate Analysis,Sohyun Mun,C,I?,LTPZ lifting spillover DID KR (volume outcome? full text) [peri],OA|B3,peripheral,map,
N342,10.54091/krepa.2026.27.2.24,"How Does Short-term Volatility in Housing Policy Affect House Prices and Transaction Volume : Evidence from the Lifting and Reimposition of the Land Transaction Permit System in Seoul, South Korea",2026,Korea Real Estate Policy Association,Seorin Jang; Euna Kim; J.H. Park,C,I,LTPS lifting/reimposition prices and transaction volume Seoul KR [peri],OA|B3,peripheral,map,
R465,10.1111/1540-6229.00462,Price Strategies for Idiosyncratic Goods—The Case of Housing,1988,Real Estate Economics,Read C,T,I,theory reservation price revision 1988,HAND|HS,theory,background,
R472,10.1111/1540-6229.00595,A Simple Search and Bargaining Model of Real Estate Markets,1992,Real Estate Economics,Yavaş A,T,I,search bargaining brokers model REE1992,HAND|HS,theory,background,
R476,10.1111/1540-6229.00650,Contigent Price Contracts and the Efficiency of Housing Markets,1994,Real Estate Economics,Cauley S,T,I,theory/C contingent contracts liquidity 1994,HAND|HS,theory,background,
R457,10.2307/2118444,Prices and Trading Volume in the Housing Market: A Model with Down-Payment Effects,1995,Quarterly Journal of Economics,Jeremy C. Stein,T,I,theory Stein1995 volume,S2|B1,theory,background,
ADD,10.1111/1467-937x.00098,Time-on-the-Market as a Sign of Quality,1999,Review of Economic Studies,,T,I,TOM signal theory,anchor,theory,background,
R374,10.1006/juec.2000.2180,A Theory of Liquidity in Residential Real Estate Markets,2001,Journal of Urban Economics,Krainer J,T,I,theory Krainer2001,HAND|SNOW|HS|SB,theory,background,
N459,10.5736/jares1985.18.22,Efficiency of Housing Market,2004,The Japanese Journal of Real Estate Sciences,Shunichi Maekawa,C/T,I?,efficiency housing market JP (full text; volume? ),OA|B1|B2,theory,background,
R505,10.1111/j.1540-6229.2008.00229.x,Real Estate Returns and Risk with Heterogeneous Investors,2008,Real Estate Economics,Zhenguo Lin; Yingchun Liu,T,I,theory TOM risk metric,HAND|S2|B1|HS,theory,background,
R125,10.1111/iere.12019,"House Prices, Sales and Time on the Market: A Search-Theoretic Framework",2009,International Economic Review,B. Jerez; A. Díaz,T,I,theory DiazJerez IER,S2|B1,theory,background,
R717,10.1177/0042098010385156,A Disequilibrium Model of the Market for Houses: Implicit Selling Time as a Signal of Optimal Holding Periods and Buyer Valuation,2011,Urban Studies,E. Levin; G. Pryce,T,I,theory implicit selling time,HAND|S2|SNOW|B1|B2|HS|SB,theory,background,
N241,10.19030/jber.v2i7.2896,The Determination Of Optimal Reservation Price Setting For Homeowners,2011,Journal of Business & Economics Research (JBER),Jess S. Boronico; Raja Nag,T,I?,optimal reservation price low-tier,OA|B2,theory,background,
R520,10.1111/j.1540-6229.2012.00345.x,Why Do Sellers Hold Out in the Housing Market? An Option‐Based Explanation,2012,Real Estate Economics,Qian W,T,I,theory sellers hold out,HAND|HS,theory,background,
ADD,10.1111/j.1468-2354.2011.00677.x,An Empirical Stationary Equilibrium Search Model of the Housing Market,2012,International Economic Review,,T,I,Carrillo 2012,anchor,theory,background,
ADD,10.1016/j.jue.2012.01.002,Search and matching in the housing market,2012,Journal of Urban Economics,,A/T,I,Genesove Han,anchor,theory,background,
N479,10.1142/s0217590812500075,EMINENT PAPER SERIES — WHY DO INVENTORIES RISE WHEN DEMAND FALLS IN HOUSING AND OTHER MARKETS?,2012,The Singapore Economic Review,Edward P. Lazear,T,I,why inventories rise when demand falls Singapore Econ Rev (Stein-type theory),OA|B1,theory,background,
R356,10.1080/10835547.2013.12091351,Pricing in an Illiquid Real Estate Market,2013,Journal of Real Estate Research,Anglin P; Wiebe R,T,I,theory pricing illiquid market,HAND|SNOW|HS|SB,theory,background,
ADD,10.1257/aer.104.4.1172,"Search, Liquidity, and the Dynamics of House Prices and Construction",2014,American Economic Review,,T,I,Head Lloyd-Ellis Sun,anchor,theory,background,
N238,10.18564/jasss.2360,Agent-Based Simulation of the Search Behavior in China's Resale Housing Market: Evidence from Beijing,2014,Journal of Artificial Societies and Social Simulation,Hong ZHANG; Yang Li,T,I?,ABM search Beijing resale (full text),OA|B3,theory,background,
R252,10.1108/jerer-09-2014-0035,Estimating the housing price with a search-and-matching model,2015,Journal of European Real Estate Research,Lisi G; Iacobini M,T,I,search-matching model appraisal JERER2015,HAND|HS,theory,background,
ADD,10.1016/j.jmoneco.2016.08.005,Illiquidity and its discontents: Trading delays and foreclosures in the housing market,2016,Journal of Monetary Economics,,T,I,,anchor,theory,background,
ADD,10.3982/qe483,"The cyclical dynamics of illiquid housing, debt, and foreclosures",2016,Quantitative Economics,,T,I,Hedlund,resolver,theory,background,
ADD,10.1016/j.red.2015.05.002,Directed search in the housing market,2016,Review of Economic Dynamics,,T,I,,anchor,theory,background,
R593,10.1016/j.red.2017.07.003,Borrowing constraints and housing market liquidity,2017,Review of Economic Dynamics,E. Eerola; Niku Määttänen,T,I,theory/C borrowing constraints liquidity RED,S2|B1|B2,theory,background,
R312,10.3724/sp.j.1383.303008,Divergence in Reservation Prices and Its Impact on Housing Market Liquidity: A Theoretical Analysis,2018,Journal of Management Science and Engineering,P. Gong; Yunyi Zhang; Huai-Nan Zhao,T,I,reservation price divergence liquidity JMSE2018,S2|B1|B2,theory,background,
R361,10.1080/10835547.2018.12091511,Volatility and Liquidity in the Real Estate Market,2018,Journal of Real Estate Research,He X; Lin Z; Liu Y,T,I,volatility liquidity model JRER2018,HAND|SNOW|HS|SB,theory,background,
ADD,10.1016/j.jet.2019.03.003,The cyclical behavior of the Beveridge Curve in the housing market,2019,Journal of Economic Theory,,T,I,,anchor,theory,background,
N460,10.5736/jares.33.3_79,Theoretical Analysis about the Transaction Price in the Existing Home Market,2019,The Japanese Journal of Real Estate Sciences,Shunichi Maekawa,T,I?,optimal list price transaction price theory JP (full text),OA|B2,theory,background,
R594,10.1016/j.red.2019.07.004,High and low activity spells in housing markets,2020,Review of economic dynamics (Print),Eric Smith,T,I,theory/C activity spells RED,S2|SNOW|B3|SB,theory,background,
ADD,10.1257/aer.20170772,"Mortgage Debt, Consumption, and Illiquid Housing Markets in the Great Recession",2020,American Economic Review,,T,I,Garriga Hedlund,anchor,theory,background,
N478,10.1093/restud/rdaa001,How Do Foreclosures Exacerbate Housing Downturns?,2020,The Review of Economic Studies,Adam Guren; Timothy J. McQuade,T,I,foreclosures housing downturns structural REStud Guren McQuade,OA|B3,theory,background,
R262,10.1108/jerer-07-2020-0044,The Mortensen-Pissarides model and the empirical facts of housing markets,2021,Journal of European Real Estate Research,G. Lisi,T,I,theory MP model price-TOM facts,HAND|S2|B1|B2|HS,theory,background,
ADD,10.1016/j.euroecorev.2021.103699,Search and credit frictions in the housing market,2021,European Economic Review,,T,I,Gabrovski Ortego-Marti,resolver,theory,background,
N163,10.52344/hfr.2022.6.2.5,A Search and Matching Model of the Housing Market and the Dynamic Effects of Financial Shocks,2022,Housing Finance Research,Weh-Sol Moon,T,I,search-matching housing financial shocks KR,OA|B3,theory,background,
ADD,10.1109/access.2023.3284549,Optimal Real Estate Pricing and Offer Acceptance Strategy,2023,IEEE Access,,B/T,I,optimal pricing offer acceptance (full text),recovery2,theory,background,
N262,10.38100/jhuf.2023.8.2.25,House prices and sales: A search-matching model of housing market,2023,Journal of Housing and Urban Finance,Weh-Sol Moon,T,I,search-matching prices sales KR,OA|B3,theory,background,
N427,10.1016/j.red.2024.101253,Home construction financing and search frictions in the housing market,2024,Review of Economic Dynamics,Miroslav Gabrovski; Victor Ortego-Marti,T,I,construction financing search frictions RED,OA|B3,theory,background,
R070,10.1007/s00199-025-01659-z,Price dispersion and price stickiness in a competitive search model of housing markets,2025,Economic Theory,Marie Rekkas; Lei Jiang; Randall Wright; Yu Zhu,T,I,price dispersion stickiness competitive search EconTheory2025,SNOW|SB,theory,background,
