nid,doi,title,year,venue,block,decision,tier,note
N001,10.17509/asset.v1i1.32799,Analysis of Marketing Communication Strategies in Increasing Sales Volume of A.M Production House during Covid-19 Outbreak,2021,A Social Science And Entrepreneurship Journal.,B3,E4*,,not recorded individually: off-topic (non-housing/non-liquidity) at title-abstract reading
N002,10.32832/abdidos.v6i3.1498,"TRAINING OF HOME PRODUCT ENTREPRENEURS TO INCREASE FAMILY INCOME IN RW 03 GUNUNG BATU URBAN VILLAGE, WEST BOGOR",2022,Abdi Dosen Jurnal Pengabdian Pada Masyarakat,B3,E4*,,not recorded individually: off-topic (non-housing/non-liquidity) at title-abstract reading
N003,10.32832/abdidos.v6i2.1270,"Development of Local Food SMEs From Processed Mocaf Flour (Modified Cassava Flour) in Bojong Neros Village Curug, Bogor City",2022,Abdi Dosen Jurnal Pengabdian Pada Masyarakat,B3,E4*,,not recorded individually: off-topic (non-housing/non-liquidity) at title-abstract reading
N004,10.69552/abdi_kami.v8i1.2673,Penggunaan Instagram untuk Meningkatkan Pemasaran UMKM Batik,2025,ABDI KAMI Jurnal Pengabdian Kepada Masyarakat,B3,E4*,,not recorded individually: off-topic (non-housing/non-liquidity) at title-abstract reading
N005,10.32734/abdimastalenta.v5i2.4976,PajakMedan.com as shopping solutions #just stay at home in Covid-19 epidemic situation in Medan city,2020,ABDIMAS TALENTA Jurnal Pengabdian Kepada Masyarakat,B3,E4*,,not recorded individually: off-topic (non-housing/non-liquidity) at title-abstract reading
N006,10.25236/ajbm.2023.051917,Vanke A Financial Cost Management Report,2023,Academic Journal of Business & Management,B3,E4*,,not recorded individually: off-topic (non-housing/non-liquidity) at title-abstract reading
N007,10.54254/2754-1169/94/2024ox0208,A Study of Property Intrinsic Value Prediction Based on Machine Learning Modeling,2024,Advances in Economics Management and Political Sciences,B2,E4*,,not recorded individually: off-topic (non-housing/non-liquidity) at title-abstract reading
N008,10.54254/2754-1169/2025.21852,The Impact of the Co-branding Between Clothing Brands and Cultural IPs on Sales Volume - Taking Hailan Home as an Example,2025,Advances in Economics Management and Political Sciences,B3,E4*,,not recorded individually: off-topic (non-housing/non-liquidity) at title-abstract reading
N009,10.54254/2754-1169/2025.22227,Evaluation Research on the Value Creation Efficiency of Intellectual Capital: A Case Study of Enterprise A,2025,Advances in Economics Management and Political Sciences,B3,E4*,,not recorded individually: off-topic (non-housing/non-liquidity) at title-abstract reading
N010,10.1155/adv/4234330,"Physical, Mechanical and Thermal Properties of an Epoxy Composite Reinforced With Nauclea diderrichii (Bilinga) Wood Particles",2026,Advances in Polymer Technology,B3,E4*,,not recorded individually: off-topic (non-housing/non-liquidity) at title-abstract reading
N011,10.26437/wdhz0v18,Design and Experimental Analysis of a Bi-Modal Temperature-Controlled Oilseed Extraction Unit for Household Use,2026,African Journal Of Applied Research,B3,E4*,,not recorded individually: off-topic (non-housing/non-liquidity) at title-abstract reading
N012,10.1080/15627020.2006.11407332,"Home range and seasonal movement of elephants in the Kunene Region, northwestern Namibia",2006,African Zoology,B3,E4*,,not recorded individually: off-topic (non-housing/non-liquidity) at title-abstract reading
N013,10.3377/1562-7020(2006)41[17:hrasmo]2.0.co;2,"Home range and seasonal movement of elephants in the Kunene Region, northwestern Namibia",2006,African Zoology,B3,E4*,,not recorded individually: off-topic (non-housing/non-liquidity) at title-abstract reading
N014,10.1017/s0144686x23000843,ASO volume 43 issue 11 Cover and Back matter,2023,Ageing and Society,B3,E4*,,not recorded individually: off-topic (non-housing/non-liquidity) at title-abstract reading
N015,10.5281/zenodo.21261004,ACCELERATING CASHLESS PUBLIC TRANSIT: AN EMPRICAL EVALUATION OF DIGITAL BANKING & IN-HOUSE PAYMENT GATEWAYS IN IRCTC E-TICKETING ECO-SYSTEM,2026,AHURI Final Report,B3,E4*,,not recorded individually: off-topic (non-housing/non-liquidity) at title-abstract reading
N016,10.20885/ajie.vol1.iss1.art3,PENGELOLAAN HOME INDUSTRY USAHA BAKPIA DI KABUPATEN KLATEN,2016,AJIE,B3,E4*,,not recorded individually: off-topic (non-housing/non-liquidity) at title-abstract reading
N017,10.32441/kjps.02.02.p5,Environmental Pollution of Cellular Mobile Base Station in Populated Areas,2021,Al-Kitab Journal for Pure Sciences,B3,E4*,,not recorded individually: off-topic (non-housing/non-liquidity) at title-abstract reading
N018,10.1257/mac.20160327,Proposition 13: An Equilibrium Analysis,2018,American Economic Journal Macroeconomics,B3,E4*,,not recorded individually: off-topic (non-housing/non-liquidity) at title-abstract reading
N019,10.1257/mac.20200037,The Propagation of Demand Shocks through Housing Markets,2022,American Economic Journal Macroeconomics,B3,I,C,demand shocks propagation sales chains AEJ
N020,10.1257/aeri.20240538,Work from Home and Disability Employment,2024,American Economic Review Insights,B3,E4*,,not recorded individually: off-topic (non-housing/non-liquidity) at title-abstract reading
N021,10.2307/2096204,Residential Segregation by Skin Color in Brazil,1992,American Sociological Review,B3,E4*,,not recorded individually: off-topic (non-housing/non-liquidity) at title-abstract reading
N022,10.5942/jawwa.2017.109.0085,Predicting Contaminated Water Removal From Residential Water Heaters Under Various Flushing Scenarios,2017,American Water Works Association,B3,E4*,,not recorded individually: off-topic (non-housing/non-liquidity) at title-abstract reading
N023,10.1213/ane.0000000000002395,"“Houston, We Have a Problem!”: The Role of the Anesthesiologist in the Current Opioid Epidemic",2017,Anesthesia & Analgesia,B3,E4*,,not recorded individually: off-topic (non-housing/non-liquidity) at title-abstract reading
N024,10.1186/s40317-022-00278-y,Validation of indwelling vaginal sensor to monitor body temperature in ewes,2022,Animal Biotelemetry,B3,E4*,,not recorded individually: off-topic (non-housing/non-liquidity) at title-abstract reading
N025,10.1016/s0001-2092(06)61185-x,Census‐based redistricting provides new opportunities for AORN's Legislative Grassroots Network,2002,AORN Journal,B3,E4*,,not recorded individually: off-topic (non-housing/non-liquidity) at title-abstract reading
N026,10.1353/aph.2021.0019,Call a Body Home,2021,Appalachian review,B3,E4*,,not recorded individually: off-topic (non-housing/non-liquidity) at title-abstract reading
N027,10.1093/aepp/ppz007,Changes in Low‐Income Households’ Spending and Time Use Patterns in Response to the 2013 Sunset of the ARRA‐SNAP Benefit,2019,Applied Economic Perspectives and Policy,B1,E4*,,not recorded individually: off-topic (non-housing/non-liquidity) at title-abstract reading
N028,10.1080/00036846.2016.1254343,Foreign investors’ influence on the real estate market capitalization rate – evidence from a small open economy,2016,Applied Economics,B3,E4*,,not recorded individually: off-topic (non-housing/non-liquidity) at title-abstract reading
N029,10.1080/00036846.2026.2625433,The unintended consequences of credit-easing policies: evidence from the housing market,2026,Applied Economics,B2,I?,C,credit-easing Shanghai dynamics (full text)
N030,10.1080/13504851.2020.1782330,Do home sellers know their market? Evidence from neighbourhood sober-living houses,2020,Applied Economics Letters,B2,I,B,sellers know market listing price hedonic
N031,10.1080/13504851.2026.2725154,"Institutional uncertainty, household anticipation, and housing asset repricing: evidence from Beijing’s school-access reform",2026,Applied Economics Letters,B2|B3,E4*,,not recorded individually: off-topic (non-housing/non-liquidity) at title-abstract reading
N032,10.1016/j.apenergy.2017.03.004,Quantifying demand flexibility based on structural thermal storage and comfort management of non-residential buildings: A comparison between hot and cold climate zones,2017,Applied Energy,B3,E4*,,not recorded individually: off-topic (non-housing/non-liquidity) at title-abstract reading
N033,10.14416/j.asep.2026.07.006,Indoor TVOC Emissions from Residential Construction Materials and the Role of Ornament Plants in Mitigation,2026,Applied Science and Engineering Progress,B3,E4*,,not recorded individually: off-topic (non-housing/non-liquidity) at title-abstract reading
N034,10.3390/app10207129,The Influence of Energy Certification on Housing Sales Prices in the Province of Alicante (Spain),2020,Applied Sciences,B2,E4*,,not recorded individually: off-topic (non-housing/non-liquidity) at title-abstract reading
N035,10.3390/app122211844,Dynamic Heat Transfer Calculation for Ground-Coupled Floor in Emergency Temporary Housing,2022,Applied Sciences,B3,E4*,,not recorded individually: off-topic (non-housing/non-liquidity) at title-abstract reading
N036,10.3390/app14104169,Evaluation and SAR Analysis of Low Frequency and Broadband Electric Field Exposure Measurement Values in the Home Environment,2024,Applied Sciences,B3,E4*,,not recorded individually: off-topic (non-housing/non-liquidity) at title-abstract reading
N037,10.3390/app15052439,Smart Electronic Device-Based Monitoring of SAR and Temperature Variations in Indoor Human Tissue Interaction,2025,Applied Sciences,B3,E4*,,not recorded individually: off-topic (non-housing/non-liquidity) at title-abstract reading
N038,10.1016/j.aqrep.2015.03.004,Utilization of fermented animal by-product blend as fishmeal replacer in the diet of Labeo rohita,2015,Aquaculture Reports,B3,E4*,,not recorded individually: off-topic (non-housing/non-liquidity) at title-abstract reading
N039,10.1080/17452007.2024.2436941,Factors that determine hot and cold-water consumption in social housing apartments,2024,Architectural Engineering and Design Management,B3,E4*,,not recorded individually: off-topic (non-housing/non-liquidity) at title-abstract reading
N040,10.24425/ather.2024.151218,Heat flow analysis and description of the cooperation of the heat exchange station with heat exchange substations located in apartments,2024,Archives of Thermodynamics,B3,E4*,,not recorded individually: off-topic (non-housing/non-liquidity) at title-abstract reading
N041,10.3390/atmos13010096,The Thermal Environment of Housing and Its Implications for the Health of Older People in South Australia: A Mixed-Methods Study,2022,Atmosphere,B3,E4*,,not recorded individually: off-topic (non-housing/non-liquidity) at title-abstract reading
N042,10.1080/14486563.2015.1111171,Backyard bandicoots: community attitudes towards conservation planning in residential developments,2016,Australasian Journal of Environmental Management,B3,E4*,,not recorded individually: off-topic (non-housing/non-liquidity) at title-abstract reading
N043,10.1080/00049182.2021.1964161,Residential solar panel adoption in Australia: spatial distribution and socioeconomic factors,2021,Australian Geographer,B3,E4*,,not recorded individually: off-topic (non-housing/non-liquidity) at title-abstract reading
N044,10.1080/07293682.2025.2503143,Infrastructure cost and availability issues for broad-scale upzoning,2025,Australian Planner,B3,E4*,,not recorded individually: off-topic (non-housing/non-liquidity) at title-abstract reading
N045,10.54691/bcpbm.v37i.3549,Research on the Impact of the Real Estate Economy on China’s National Economy-- Taking the Comparison of Real Estate before and after the epidemic as an example,2023,BCP Business & Management,B3,E4*,,not recorded individually: off-topic (non-housing/non-liquidity) at title-abstract reading
N046,10.3390/bs13010055,Does Property Return Affect Seller Behavior? An Empirical Study of China’s Real Estate Market,2023,Behavioral Sciences,B2,I?,B,disposition effect seller behavior China (full text)
N047,10.33373/bening.v3i2.756,PENGARUH PROMOSI DAN KUALITAS PRODUK TERHADAP VOLUME PENJUALAN PADA PT CIPTA GROUP KOTA BATAM (Studi Kasus Pada Perumahan Buana Bukit Permata di Batam),2016,BENING,B3,E4*,,not recorded individually: off-topic (non-housing/non-liquidity) at title-abstract reading
N048,10.21512/bbr.v2i1.1160,Analisis Cost Volume Profit sebagai Alat Bantu Manajemen dalam Rangka Perencanaan Laba dengan Penerapan Teori Kendala pada PT Skylite Surya Internusa,2011,Binus Business Review,B3,E4*,,not recorded individually: off-topic (non-housing/non-liquidity) at title-abstract reading
N049,10.1002/bem.2250070308,Intermittent exposure of rats to 2450 MHz microwaves at 2.5 mW cm2: Behavioral and physiological effects,1986,Bioelectromagnetics,B3,E4*,,not recorded individually: off-topic (non-housing/non-liquidity) at title-abstract reading
N050,10.1002/bem.2250080205,"Behavioral effects of chronic exposure to 0.5 mW/cm2 of 2,450‐MHz microwaves",1987,Bioelectromagnetics,B3,E4*,,not recorded individually: off-topic (non-housing/non-liquidity) at title-abstract reading
N051,10.1002/bem.2250130605,"Long‐term, low‐level microwave irradiation of rats",1992,Bioelectromagnetics,B3,E4*,,not recorded individually: off-topic (non-housing/non-liquidity) at title-abstract reading
N052,10.1002/bem.21737,Between‐country comparison of whole‐body SAR from personal exposure data in Urban areas,2012,Bioelectromagnetics,B3,E4*,,not recorded individually: off-topic (non-housing/non-liquidity) at title-abstract reading
N053,10.1002/bem.21733,Prenatal exposure to radiofrequencies: Effects of WiFi signals on thymocyte development and peripheral T cell compartment in an animal model,2012,Bioelectromagnetics,B3,E4*,,not recorded individually: off-topic (non-housing/non-liquidity) at title-abstract reading
N054,10.1002/bem.21969,An HF exposure system for mice with improved efficiency,2016,Bioelectromagnetics,B3,E4*,,not recorded individually: off-topic (non-housing/non-liquidity) at title-abstract reading
N055,10.1002/bem.22094,Assessment of exposure to radio frequency electromagnetic fields from smart utility meters in GB; part II) numerical assessment of induced SAR within the human body,2017,Bioelectromagnetics,B3,E4*,,not recorded individually: off-topic (non-housing/non-liquidity) at title-abstract reading
N056,10.1002/bem.22202,Exposure to Electromagnetic Fields From Smart Utility Meters in GB; Part III) On‐Site Measurements in Homes,2019,Bioelectromagnetics,B3,E4*,,not recorded individually: off-topic (non-housing/non-liquidity) at title-abstract reading
N057,10.33394/bioscientist.v13i1.14892,Potensi Tumbuhan Melati Air (Echinodorus radicans) Terhadap Penurunan Kadar Timbal (Pb) dan Tembaga (Cu) Pada Limbah Cair Home Industry Batik di Desa Sendang Kabupaten Lamongan,2025,Bioscientist Jurnal Ilmiah Biologi,B3,E4*,,not recorded individually: off-topic (non-housing/non-liquidity) at title-abstract reading
N058,10.1590/s1516-635x2011000400004,Influence of genetic strain and season on back scratch lesions in broilers,2011,Brazilian Journal of Poultry Science,B3,E4*,,not recorded individually: off-topic (non-housing/non-liquidity) at title-abstract reading
N059,10.1079/bjn20051550,A 3-month double-blind randomised study comparing an olive oil- with a soyabean oil-based intravenous lipid emulsion in home parenteral nutrition patients,2005,British Journal Of Nutrition,B3,E4*,,not recorded individually: off-topic (non-housing/non-liquidity) at title-abstract reading
N060,10.1080/00071669708418022,Behavioural and anatomical consequences of two beak trimming methods in 1‐ and 10‐d‐old domestic chicks,1997,British Poultry Science,B3,E4*,,not recorded individually: off-topic (non-housing/non-liquidity) at title-abstract reading
N061,10.1080/14748932.2025.2507300,‘I know no medium’: Temperature and Ferndean in Jane Eyre,2025,Brontë Studies,B3,E4*,,not recorded individually: off-topic (non-housing/non-liquidity) at title-abstract reading
N062,10.1353/eca.2004.0008,Comments and Discussion,2003,Brookings Papers on Economic Activity,B3,E4*,,not recorded individually: off-topic (non-housing/non-liquidity) at title-abstract reading
N063,10.1353/eca.2012.0014,What Have They Been Thinking?: Homebuyer Behavior in Hot and Cold Markets,2012,Brookings Papers on Economic Activity,B3,E4*,,not recorded individually: off-topic (non-housing/non-liquidity) at title-abstract reading
N064,10.1353/eca.2022.0012,What Have They Been Thinking? Home Buyer Behavior in Hot and Cold Markets: A Ten-Year Retrospect,2022,Brookings Papers on Economic Activity,B3,E4*,,not recorded individually: off-topic (non-housing/non-liquidity) at title-abstract reading
N065,10.1177/01436244251318169,The risks of oversizing domestic water piping – Measurement of peak flows in multistory residential buildings,2025,Building Services Engineering Research and Technology,B3,E4*,,not recorded individually: off-topic (non-housing/non-liquidity) at title-abstract reading
N066,10.1007/s12273-023-1007-3,On-site solar PV generation and use: Self-consumption and self-sufficiency,2023,Building Simulation,B3,E4*,,not recorded individually: off-topic (non-housing/non-liquidity) at title-abstract reading
N067,10.3390/buildings14071982,Exploring the Spatially Heterogeneous Effects of Street-Level Perceived Qualities on Listed Real Estate Prices Using Geographically Weighted Regression (GWR) Modeling,2024,Buildings,B2,E4*,,not recorded individually: off-topic (non-housing/non-liquidity) at title-abstract reading
N068,10.5334/bc.172,"Residential geothermal air-conditioning: inhabitants’ comfort, behaviour and energy use",2022,Buildings and Cities,B3,E4*,,not recorded individually: off-topic (non-housing/non-liquidity) at title-abstract reading
N069,10.4172/2151-6219.1000080,"What are Real Estate Prices Responding to? An Examination of Daily Price Changes in Chicago, IL",2013,Business and Economics Journal,B2,E4*,,not recorded individually: off-topic (non-housing/non-liquidity) at title-abstract reading
N070,10.20409/berj.2024.438,The Effects of Technological Developments in the Construction Sector on the Housing Market: The Case of Ankara Province,2024,Business and Economics Research Journal,B3,E4*,,not recorded individually: off-topic (non-housing/non-liquidity) at title-abstract reading
N071,10.1002/cjas.136,"The impact of e‐information on residential real estate services: transaction costs, social embeddedness, and market conditions",2010,Canadian Journal of Administrative Sciences / Revue Canadienne des Sciences de l Administration,B3,E4*,,not recorded individually: off-topic (non-housing/non-liquidity) at title-abstract reading
N072,10.17615/mnnh-4552,Hot or cold temperature disproportionately impacts U.S. energy burdens,2025,Carolina Digital Repository (University of North Carolina at Chapel Hill),B3,E4*,,not recorded individually: off-topic (non-housing/non-liquidity) at title-abstract reading
N073,10.1016/j.csite.2021.101371,Numerical simulation of earth-air heat exchanger application for Indonesian simple house air conditioning system,2021,Case Studies in Thermal Engineering,B3,E4*,,not recorded individually: off-topic (non-housing/non-liquidity) at title-abstract reading
N074,10.1016/j.catena.2020.105070,Hydrochemical investigations to locate Homer’s hot and cold springs of Troia (Troy)/Turkey,2020,CATENA,B3,E4*,,not recorded individually: off-topic (non-housing/non-liquidity) at title-abstract reading
N075,10.33050/ccit.v11i1.563,PERANCANGAN SISTEM INFORMASI PENJUALAN ONLINE,2018,CCIT Journal,B3,E4*,,not recorded individually: off-topic (non-housing/non-liquidity) at title-abstract reading
N076,10.1080/09332480.2014.965623,Streakiness in Home Run Hitting,2014,CHANCE,B3,E4*,,not recorded individually: off-topic (non-housing/non-liquidity) at title-abstract reading
N077,10.1108/cfri-09-2024-0583,The geographical spillover effect of a house purchase deregulation policy: evidence from a quasi-experiment in China,2025,China Finance Review International,B2,I?,C,HPR deregulation spillover second-hand (full text)
N078,10.1353/cj.2004.0029,"Conglomeration, New Media, and the Cultural Production of the ""War on Terror""",2004,Cinema Journal,B3,E4*,,not recorded individually: off-topic (non-housing/non-liquidity) at title-abstract reading
N079,10.1080/23311886.2024.2392294,Firm-specific and institutional factors as export performance catalysts: Insights from a developing economy,2024,Cogent Social Sciences,B3,E4*,,not recorded individually: off-topic (non-housing/non-liquidity) at title-abstract reading
N080,10.31603/ce.12889,"Marketing assistance for instant herbal drink products in the KBU Sehat home industry group, Banjar Regency",2025,Community Empowerment,B3,E4*,,not recorded individually: off-topic (non-housing/non-liquidity) at title-abstract reading
N081,10.29039/2308-0191-2023-11-4-22-22,Trends in the use of water supply systems telemetry data,2023,Construction and Architecture,B3,E4*,,not recorded individually: off-topic (non-housing/non-liquidity) at title-abstract reading
N082,10.1080/014461999371231,Matching housing supply and demand: an empirical study of Hong Kong's market,1999,Construction Management and Economics,B3,E4*,,not recorded individually: off-topic (non-housing/non-liquidity) at title-abstract reading
N083,10.1080/01446193.2011.654130,Housing and consumer markets in urban China,2012,Construction Management and Economics,B3,E4*,,not recorded individually: off-topic (non-housing/non-liquidity) at title-abstract reading
N084,10.32670/coopetition.v10i1.25,IMPLEMENTASI DIGITAL MARKETING TERHADAP PENINGKATAN PENJUALAN HASIL HOME INDUSTRI,2019,Coopetition Jurnal Ilmiah Manajemen,B3,E4*,,not recorded individually: off-topic (non-housing/non-liquidity) at title-abstract reading
N085,10.32670/coopetition.v14i1.1428,Pengaruh Digital Marketing Terhadap Peningkatan Volume Penjualan Hasil Industri Rumahan Desa Cibodas,2023,Coopetition Jurnal Ilmiah Manajemen,B3,E4*,,not recorded individually: off-topic (non-housing/non-liquidity) at title-abstract reading
N086,10.59373/create.v1i2.225,Penetrating the Culinary Market Through Sharia Marketing Strategies,2025,Create Journal of Islamic Management and Business,B3,E4*,,not recorded individually: off-topic (non-housing/non-liquidity) at title-abstract reading
N087,10.1111/j.1745-9125.2008.00123.x,THE EFFECTS OF RESIDENTIAL TURNOVER ON HOUSEHOLD VICTIMIZATION*,2008,Criminology,B3,E4*,,not recorded individually: off-topic (non-housing/non-liquidity) at title-abstract reading
N088,10.1111/j.1745-9125.2010.00204.x,THE REPRODUCTION OF RACIAL INEQUALITY: HOW CRIME AFFECTS HOUSING TURNOVER*,2010,Criminology,B3,E4*,,not recorded individually: off-topic (non-housing/non-liquidity) at title-abstract reading
N089,10.9734/cjast/2026/v45i74721,"Design of a Residential Rain Garden for Stormwater Management in Paseos del Bosque, Corregidora, Querétaro, Mexico",2026,Current Journal of Applied Science and Technology,B3,E4*,,not recorded individually: off-topic (non-housing/non-liquidity) at title-abstract reading
N090,10.2307/2061829,"Race and ethnicity in housing: Turnover in New York City, 1978–1987",1992,Demography,B3,E4*,,not recorded individually: off-topic (non-housing/non-liquidity) at title-abstract reading
N091,10.19136/era.a3n7.72,Carcass and non-carcass components of Pelibuey ewes subjected to three levels of metabolizable energy intake,2016,Dialnet (Universidad de la Rioja),B3,E4*,,not recorded individually: off-topic (non-housing/non-liquidity) at title-abstract reading
N092,10.26076/4a68-7842,Heterogeneous Water and Energy End-Uses and Implications for Residential Water and Energy Conservation and Management,2021,Digital Commons - USU (Utah State University),B3,E4*,,not recorded individually: off-topic (non-housing/non-liquidity) at title-abstract reading
N093,10.34917/2353901,"From khaki to brown: Community formation, homeownership, and mobility in Santa Ana, California, 1950-2000",2020,Digital Scholarship - UNLV (University of Nevada Reno),B3,E4*,,not recorded individually: off-topic (non-housing/non-liquidity) at title-abstract reading
N094,10.1111/1467-7709.00336,"SHAFR Presidential Address: The Secretary, the Spy, and the Sage: Dean Acheson, Alger Hiss, and George Kennan",2003,Diplomatic History,B3,E4*,,not recorded individually: off-topic (non-housing/non-liquidity) at title-abstract reading
N095,10.1007/s44290-025-00246-4,Effect of partial replacement of sawdust with sand on the properties of sandcrete blocks for sustainable non-load bearing walls in Ghana,2025,Discover Civil Engineering,B3,E4*,,not recorded individually: off-topic (non-housing/non-liquidity) at title-abstract reading
N096,10.1155/2022/9946703,Experimental Research on the Impact of Interest Rate on Real Estate Market Transactions,2022,Discrete Dynamics in Nature and Society,B3,I?,C,interest rate RE transactions low-tier (full text)
N097,10.5433/1679-0359.2013v34n4p1926,Inclusion of sunflower seeds in the diet of lambs on carcass quantitative characteristics and meat quality Inclusão de grãos de girassol na ração de cordeiros sobre as características quantitativas da carcaça e qualitativas da carne,2013,DOAJ (DOAJ: Directory of Open Access Journals),B3,E4*,,not recorded individually: off-topic (non-housing/non-liquidity) at title-abstract reading
N098,10.18720/mce.92.5,Increasing the heat transfer efficiency of sectional radiators in building heating systems,2019,DOAJ (DOAJ: Directory of Open Access Journals),B3,E4*,,not recorded individually: off-topic (non-housing/non-liquidity) at title-abstract reading
N099,10.30501/jree.2020.227079.1101,Energy Simulation and Management of the Main Building Component Materials Using Comparative Analysis in a Mild Climate Zone,2020,DOAJ (DOAJ: Directory of Open Access Journals),B3,E4*,,not recorded individually: off-topic (non-housing/non-liquidity) at title-abstract reading
N100,10.52919/arebus.v7i1.135,"Fish Value Addition and Livelihood Outcomes of Fishing Communities:Evidence from Mkinga District, Tanzania",2026,DOAJ (DOAJ: Directory of Open Access Journals),B3,E4*,,not recorded individually: off-topic (non-housing/non-liquidity) at title-abstract reading
N101,10.12677/ecl.2025.141419,An Empirical Study of the Impact of Market Sentiment on Housing Turnover,2025,E-Commerce Letters,B3,I?,C,sentiment housing turnover low-tier
N102,10.12677/ecl.2025.141098,The Impact of Housing Liquidity and Purchase Restriction Policies on Household Asset Allocation,2025,E-Commerce Letters,B3,E4*,,not recorded individually: off-topic (non-housing/non-liquidity) at title-abstract reading
N103,10.1080/20954816.2019.1690267,Housing price dispersion in the presale market,2019,Economic and Political Studies,B3,E4*,,not recorded individually: off-topic (non-housing/non-liquidity) at title-abstract reading
N104,10.1111/j.1465-7295.2012.00473.x,DO REAL ESTATE BROKERS ADD VALUE WHEN LISTING SERVICES ARE UNBUNDLED?,2012,Economic Inquiry,B2,I,A,brokers unbundled listing services timing of sales
N105,10.59943/economic.v13i01.46,Strategi Pemasaran Produk Home Industri Pakan Burung UD MADURA Koong Kota Sidoarjo,2022,Economic Jurnal Ekonomi dan Hukum Islam,B3,E4*,,not recorded individually: off-topic (non-housing/non-liquidity) at title-abstract reading
N106,10.1016/j.econmod.2013.02.021,Wealth effects on the housing markets: Do market liquidity and market states matter?,2013,Economic Modelling,B3,I,C,wealth effects market liquidity states
N107,10.1016/j.econmod.2014.03.026,Ripple effect in house prices and trading volume in the UK housing market: New viewpoint and evidence,2014,Economic Modelling,B3,I,C,ripple prices trading volume UK
N108,10.1111/1475-4932.12056,How Do Stamp Duties Affect the Housing Market?,2013,Economic Record,B3,I,C,stamp duties housing turnover
N109,10.1080/1331677x.2018.1429289,Market depth in the UK housing market,2018,Economic Research-Ekonomska Istraživanja,B3,I,C,market depth UK housing
N110,10.1080/1331677x.2018.1556110,The concept of the real estate portfolio matrix and its application for structural analysis of the Polish commercial real estate market,2019,Economic Research-Ekonomska Istraživanja,B3,E4*,,not recorded individually: off-topic (non-housing/non-liquidity) at title-abstract reading
N111,10.20955/es.2018.9b,"The Housing Supply Puzzle: Part 1, Divergent Markets",2018,Economic Synopses,B3,E4*,,not recorded individually: off-topic (non-housing/non-liquidity) at title-abstract reading
N112,10.1007/s00199-024-01566-9,Prediction algorithms in matching platforms,2024,Economic Theory,B3,E4*,,not recorded individually: off-topic (non-housing/non-liquidity) at title-abstract reading
N113,10.37676/ekombis.v11i2.4186,Analisis Strategi Pemasaran Dalam Meningkatkan Volume Penjualan Kue Home Industri Bay Tat Ricka Di Kota Bengkulu,2023,EKOMBIS REVIEW Jurnal Ilmiah Ekonomi dan Bisnis,B3,E4*,,not recorded individually: off-topic (non-housing/non-liquidity) at title-abstract reading
N114,10.36871/ek.up.p.r.2023.12.13.023,INNOVATIVE SALES METHODS FOR SPORTING GOODS: PRE- ASSEMBLED GYM EQUIPMENT SETS AS A SOLUTION FOR E-COMMERCE,2023,EKONOMIKA I UPRAVLENIE PROBLEMY RESHENIYA,B3,E4*,,not recorded individually: off-topic (non-housing/non-liquidity) at title-abstract reading
N115,10.30640/ekonomika45.v9i2.226,MENENTUKAN STRATEGI PEMASARAN DALAM MENINGKATKAN PENJUALAN CCTV HIKVISION SURABAYA DI TENGAH PANDEMI COVID 19,2022,EKONOMIKA45  Jurnal Ilmiah Manajemen Ekonomi Bisnis Kewirausahaan,B3,E4*,,not recorded individually: off-topic (non-housing/non-liquidity) at title-abstract reading
N116,10.18860/el.v10i3.4759,BUDAYA BERHUNI KAUM SUFISTIK BORJUIS: Kontestasi Simbolik dalam Konstruksi Rumah Adat Kudus,2008,el Harakah Jurnal Budaya Islam,B3,E4*,,not recorded individually: off-topic (non-housing/non-liquidity) at title-abstract reading
N117,10.18860/el.v0i0.455,BUDAYA BERHUNI KAUM SUFISTIK BORJUIS: Kontestasi Simbolik dalam Konstruksi Rumah Adat Kudus,2011,el Harakah Jurnal Budaya Islam,B3,E4*,,not recorded individually: off-topic (non-housing/non-liquidity) at title-abstract reading
N118,10.47467/elmal.v5i6.1043,Analisis Kebijakan Perumahan Subsidi di Indonesia Policy Analysis Of Subsidized Housing In Indonesia,2024,El-Mal Jurnal Kajian Ekonomi & Bisnis Islam,B3,E4*,,not recorded individually: off-topic (non-housing/non-liquidity) at title-abstract reading
N119,10.1007/s10660-026-10107-6,Dynamic hierarchical network-based framework for constructing a predictive index of offer–listing price differences in real estate E-commerce,2026,Electronic Commerce Research,B2,I,B/D,predictive index offer-listing price difference
N120,10.3390/en11071847,"Energy Prices, Real Estate Sales and Industrial Output in China",2018,Energies,B3,E4*,,not recorded individually: off-topic (non-housing/non-liquidity) at title-abstract reading
N121,10.3390/en19102279,Optimizing Smart-Home Energy Systems Through Energy-Efficient Off-Chain Blockchain-Based Attribute-Based Access Control (ABAC): A Hybrid LightGBM Approach,2026,Energies,B3,E4*,,not recorded individually: off-topic (non-housing/non-liquidity) at title-abstract reading
N122,10.1016/j.enbuild.2004.09.020,CHEOPS: a simplified tool for thermal assessment of Mediterranean residential buildings in hot and cold seasons,2004,Energy and Buildings,B3,E4*,,not recorded individually: off-topic (non-housing/non-liquidity) at title-abstract reading
N123,10.1016/j.enbuild.2026.117269,"Balancing thermal comfort, construction feasibility, carbon emissions, and cost: multi-criteria evaluation of passive retrofits for high-rise social housing",2026,Energy and Buildings,B3,E4*,,not recorded individually: off-topic (non-housing/non-liquidity) at title-abstract reading
N124,10.1002/est2.82,An integrated heat recovery and storage system for a residential building,2019,Energy Storage,B3,E4*,,not recorded individually: off-topic (non-housing/non-liquidity) at title-abstract reading
N125,10.1108/ecam-10-2020-0850,Forecasting trading volume in local housing markets through a time-series model and a deep learning algorithm,2021,Engineering Construction & Architectural Management,B3,I,C,forecasting trading volume local
N126,10.1108/ecam-07-2024-0959,"Assessment of impacting architectural aspects on UHI and energy in apartment housing of Mashhad, Iran",2026,Engineering Construction & Architectural Management,B3,E4*,,not recorded individually: off-topic (non-housing/non-liquidity) at title-abstract reading
N127,10.5755/j01.ee.22.5.966,The Model to Evaluate Risk Factors of Exporter-Provided Trade Credit,2011,Engineering Economics,B3,E4*,,not recorded individually: off-topic (non-housing/non-liquidity) at title-abstract reading
N128,10.18034/ei.v2i1.206,Electrical Characterization and Doping Uniformity Measurement during Crystalline Silicon Solar Cell Fabrication Using Hot Probe Method,2014,Engineering International,B3,E4*,,not recorded individually: off-topic (non-housing/non-liquidity) at title-abstract reading
N129,10.18034/ei.v2i1.129,Electrical Characterization and Doping Uniformity Measurement during Crystalline Silicon Solar Cell Fabrication Using Hot Probe Method,2014,Engineering International,B3,E4*,,not recorded individually: off-topic (non-housing/non-liquidity) at title-abstract reading
N130,10.1016/s0120-4483(13)70031-9,Persistencia de la segregación residencial y composición del capital humano por barrios en la ciudad de Cali,2013,Ensayos sobre Política Económica,B3,E4*,,not recorded individually: off-topic (non-housing/non-liquidity) at title-abstract reading
N131,10.23977/envcp.2024.030103,Simulation of rural residential energy consumption in different climate zones based on Dest-H,2024,Environment and Climate Protection,B3,E4*,,not recorded individually: off-topic (non-housing/non-liquidity) at title-abstract reading
N132,10.1068/a35170,Exploring Spatial Effects on Urban Housing Duration,2003,Environment and Planning A Economy and Space,B3,I,A,spatial effects housing duration
N133,10.1016/j.indic.2025.100869,Valuing the characteristics of urban green spaces to delineate their differential economic benefits based on housing value,2025,Environmental and Sustainability Indicators,B3,E4*,,not recorded individually: off-topic (non-housing/non-liquidity) at title-abstract reading
N134,10.30638/eemj.2009.049,SURVEY OF ELECTROMAGNETIC ENVIRONMENT DUE TO MOBILE COMMUNICATIONS,2009,Environmental Engineering and Management Journal,B3,E4*,,not recorded individually: off-topic (non-housing/non-liquidity) at title-abstract reading
N135,10.30638/eemj.2011.209,ECONOMIC AND CONSTRUCTION ANALYSIS OF LIGHTWEIGHT MEMBRANES IN HOUSING IN TEMPERATE CLIMATES,2011,Environmental Engineering and Management Journal,B3,E4*,,not recorded individually: off-topic (non-housing/non-liquidity) at title-abstract reading
N136,10.1186/s40793-020-00367-6,A rather dry subject; investigating the study of arid-associated microbial communities,2020,Environmental Microbiome,B3,E4*,,not recorded individually: off-topic (non-housing/non-liquidity) at title-abstract reading
N137,10.1088/1748-9326/ad1724,Hot or cold temperature disproportionately impacts U.S. energy burdens,2023,Environmental Research Letters,B3,E4*,,not recorded individually: off-topic (non-housing/non-liquidity) at title-abstract reading
N138,10.25273/equilibrium.v2i1.624,PENGARUH KUALITAS PRODUK TERHADAP VOLUME PENJUALAN PADA HOME INDUSTRI KRIPIK TEMPE “ABADI” SINGGAHAN KECAMATAN KARTOHARJO KABUPATEN MAGETAN,2014,EQUILIBRIUM Jurnal Ilmiah Ekonomi dan Pembelajarannya,B3,E4*,,not recorded individually: off-topic (non-housing/non-liquidity) at title-abstract reading
N139,10.1353/fair.2021.a812754,Cellophane,2021,Fairy Tale Review,B3,E4*,,not recorded individually: off-topic (non-housing/non-liquidity) at title-abstract reading
N140,10.13110/fairtalerevi.17.1.0056,Cellophane,2021,Fairy Tale Review,B3,E4*,,not recorded individually: off-topic (non-housing/non-liquidity) at title-abstract reading
N141,10.17016/2380-7172.2942,Housing Market Tightness During COVID-19: Increased Demand or Reduced Supply?,2021,FEDS Notes,B3,E4*,,not recorded individually: off-topic (non-housing/non-liquidity) at title-abstract reading
N142,10.17016/feds.2016.004,Is Los Angeles Becoming Transit Oriented?,2015,Finance and Economics Discussion Series,B3,E4*,,not recorded individually: off-topic (non-housing/non-liquidity) at title-abstract reading
N143,10.17016/feds.2024.088,"Locked In: Rate Hikes, Housing Markets, and Mobility",2024,Finance and Economics Discussion Series,B3,E4*,,not recorded individually: off-topic (non-housing/non-liquidity) at title-abstract reading
N144,10.1111/fire.70004,Housing Market Spillovers in China via Trading Volume: A Comparison of Two Spillover Indexes,2025,Financial Review,B3,I,C,spillovers via trading volume China
N145,10.69888/ftsml.2025.000443,Exploring How Anchoring Influences Property Price Setting and Negotiation Strategies,2025,FMDB Transactions on Sustainable Management Letters,B2,E4*,,not recorded individually: off-topic (non-housing/non-liquidity) at title-abstract reading
N146,10.2478/foli-2021-0013,Absorption Rate as a Tool for Assessing the Dynamics of Development Activity,2021,Folia Oeconomica Stetinensia,B3,I,C,absorption rate development activity
N147,10.1353/fge.2013.0325,Tool and Die,2001,Fourth Genre Explorations in Nonfiction,B3,E4*,,not recorded individually: off-topic (non-housing/non-liquidity) at title-abstract reading
N148,10.71465/fbf247,Blockchain-Based Title Confirmation and Transaction Mechanism for Commercial Real Estate Tokenization,2025,Frontiers in Business and Finance,B3,E4*,,not recorded individually: off-topic (non-housing/non-liquidity) at title-abstract reading
N149,10.3389/fenrg.2019.00126,Energy and Water Monitoring for a Large Social Housing Intervention in Northern Italy,2019,Frontiers in Energy Research,B3,E4*,,not recorded individually: off-topic (non-housing/non-liquidity) at title-abstract reading
N150,10.35327/gara.v15i1.204,KARAKTERISTIK LAJU RESAPAN LUBANG BIOPORI PADA BEBERAPA JENIS SAMPAH ORGANIK,2021,GANEC SWARA,B3,E4*,,not recorded individually: off-topic (non-housing/non-liquidity) at title-abstract reading
N151,10.12688/gatesopenres.12838.2,Heterogeneous exposure and hotspots for malaria vectors at three study sites in Uganda,2018,Gates Open Research,B3,E4*,,not recorded individually: off-topic (non-housing/non-liquidity) at title-abstract reading
N152,10.12688/gatesopenres.12838.1,Heterogeneous exposure and hotspots for malaria vectors at three study sites in Uganda,2018,Gates Open Research,B3,E4*,,not recorded individually: off-topic (non-housing/non-liquidity) at title-abstract reading
N153,10.56910/gemilang.v4i1.1006,Analisis Strategi Pemasaran Dalam Meningkatkan Volume Penjualan Pada Home Industry “Donat Paha Ayam”,2023,GEMILANG Jurnal Manajemen dan Akuntansi,B3,E4*,,not recorded individually: off-topic (non-housing/non-liquidity) at title-abstract reading
N154,10.17092/jibr.2013.10.1.159,The Relationship between Trading Volume and Purchase Price Index Volatility in Apartment Market,2013,Global Business Administration Review,B3,I?,C,trading volume price index volatility apartment low-tier
N155,10.17673/vestnik.2019.04.9,ETERMINATION OF CALCULATED COSTS IN INTERNAL CENTRALIZED SYSTEMS OF DRINKING WATER SUPPLY OF MULTI-APARTMENT HOUSES,2019,Gradostroitelʹstvo i arhitektura,B3,E4*,,not recorded individually: off-topic (non-housing/non-liquidity) at title-abstract reading
N156,10.1111/grow.12496,"Rent burden determinants in hot and cold housing markets of Davidson and Shelby counties, Tennessee",2021,Growth and Change,B3,E4*,,not recorded individually: off-topic (non-housing/non-liquidity) at title-abstract reading
N157,10.1016/j.habitatint.2024.103075,"Automating property valuation at the macro scale of suburban level: A multi-step method based on spatial imputation techniques, machine learning and deep learning",2024,Habitat International,B1,E4*,,not recorded individually: off-topic (non-housing/non-liquidity) at title-abstract reading
N158,10.1655/herpetologica-d-24-00045,"Home Range, Seasonality, and the Importance of Canopy Cover for Texas Tortoises (Gopherus berlandieri)",2025,Herpetologica,B3,E4*,,not recorded individually: off-topic (non-housing/non-liquidity) at title-abstract reading
N159,10.54097/psxv9f40,Research on the Subprime Crisis Based on Regional and Housing Type Perspectives,2024,Highlights in Business Economics and Management,B3,E4*,,not recorded individually: off-topic (non-housing/non-liquidity) at title-abstract reading
N160,10.54097/cxwfeg54,"Interpreting the ""Unbundling"" of Purchase Restrictions in China's Property Markets from Volume and Price Perspectives",2024,Highlights in Business Economics and Management,B3,E4*,,not recorded individually: off-topic (non-housing/non-liquidity) at title-abstract reading
N161,10.33019/hjmr.v9i2.4480,Pengaruh Strategi Pemasaran Terhadap Volume Penjualan,2024,Holistic Journal of Management Research,B3,E4*,,not recorded individually: off-topic (non-housing/non-liquidity) at title-abstract reading
N162,10.52344/hfr.2021.5.1.27,A Study on the Apartment Sale Price Decision Model Using Vector Error Correction Model (VECM): Focusing on the Housing Market in Changwon City,2021,Housing Finance Research,B3,E4*,,not recorded individually: off-topic (non-housing/non-liquidity) at title-abstract reading
N163,10.52344/hfr.2022.6.2.5,A Search and Matching Model of the Housing Market and the Dynamic Effects of Financial Shocks,2022,Housing Finance Research,B3,I,T,search-matching housing financial shocks KR
N164,10.52344/hfr.2024.8.1.77,Identification of Investment Demand in Korea’s Apartment Market with Transaction-Level Data and Its Impact on Apartment Prices*,2024,Housing Finance Research,B3,E4*,,not recorded individually: off-topic (non-housing/non-liquidity) at title-abstract reading
N165,10.52344/hfr.2024.8.2.177,"Causal Relationship Between the Number of KTX Users, Population, and Housing Market: Focusing on Small- and Medium-Sized Cities on the Gangneung and Jungang Lines",2024,Housing Finance Research,B3,E4*,,not recorded individually: off-topic (non-housing/non-liquidity) at title-abstract reading
N166,10.52344/hfr.2026.10.1.133,Apartment Transaction Volume and Price Volatility: Construction and Application of a Transaction-Volume-Based Price Uncertainty Index,2026,Housing Finance Research,B3,I,C,transaction-volume-based index KR
N167,10.1080/14036096.2016.1196240,Fundamentals and Market Sentiment in Housing Market,2016,Housing Theory and Society,B3,I,C/D,sentiment transaction volume
N168,10.33068/iccd.v5i1.570,PRODUCT INNOVATION EXPANSION FOR MSME GROUPS IN BANTARJAYA VILLAGE RANCABUNGUR - BOGOR,2023,ICCD,B3,E4*,,not recorded individually: off-topic (non-housing/non-liquidity) at title-abstract reading
N169,10.1109/tap.2017.2705223,A Cavity-Backed Annular Slot Antenna With High Efficiency for Smartwatches With Metallic Housing,2017,IEEE Transactions on Antennas and Propagation,B3,E4*,,not recorded individually: off-topic (non-housing/non-liquidity) at title-abstract reading
N170,10.1109/tpel.2019.2894182,Optimal Design and Experimental Assessment of a Wireless Power Transfer System for Home-Cage Monitoring,2019,IEEE Transactions on Power Electronics,B3,E4*,,not recorded individually: off-topic (non-housing/non-liquidity) at title-abstract reading
N171,10.1049/iet-com.2013.0818,Assessment of the exposure of children to electromagnetic fields from wireless communication devices in home environments,2014,IET Communications,B3,E4*,,not recorded individually: off-topic (non-housing/non-liquidity) at title-abstract reading
N172,10.1080/03772063.2021.1972846,Marble Pre-selection Chart to Suppress EMF in S-Band and SAR Reduction Capabilities of Them at 2.45 GHz,2021,IETE Journal of Research,B3,E4*,,not recorded individually: off-topic (non-housing/non-liquidity) at title-abstract reading
N173,10.4103/ijd.ijd_999_23,Unlocking the Secrets of Home-Based Dermatology Devices: A Comprehensive Guide to Home-Based Dermatology Devices,2025,Indian Journal of Dermatology,B3,E4*,,not recorded individually: off-topic (non-housing/non-liquidity) at title-abstract reading
N174,10.15578/iaj.9.1.2014.65-72,MANAGEMENT OF SUSTAINABLE SEAWEED (Kappaphycus alvarezii) AQUACULTURE IN THE CONTEXT OF CLIMATE CHANGE MITIGATION,2014,Indonesian Aquaculture Journal,B3,E4*,,not recorded individually: off-topic (non-housing/non-liquidity) at title-abstract reading
N175,10.31538/iijse.v8i3.8536,PROMOTIONAL STRATEGY THROUGH THE UTILIZATION OF INSTAGRAM SOCIAL MEDIA TO INCREASE SALES VOLUME (A CASE STUDY ON CUTA HOUSE COFFEE SHOP SURABAYA),2025,Indonesian Interdisciplinary Journal of Sharia Economics (IIJSE),B3,E4*,,not recorded individually: off-topic (non-housing/non-liquidity) at title-abstract reading
N176,10.53067/ijebef.v5i1.229,IMPLEMENTASI DIGITAL MARKETING TERHADAP PENINGKATAN PENJUALAN BAKSO HOME INDUSTRI DESA KEDAUNG KECAMATAN SAWANGAN KOTA DEPOK,2025,Indonesian Journal of Economy Business Entrepreneuship and Finance,B3,E4*,,not recorded individually: off-topic (non-housing/non-liquidity) at title-abstract reading
N177,10.1177/1420326x241310144,Chinese elderly's thermo-physiological responses to transient temperature during showering process in winter: Evidence at a nursing home in Chongqing,2025,Indoor and Built Environment,B3,E4*,,not recorded individually: off-topic (non-housing/non-liquidity) at title-abstract reading
N178,10.58420/ptk/2025.88.04.008,SALE OF REAL ESTATE USING VIRTUAL REALITY TECHNOLOGIES,2025,Industrial transport of Kazakhstan,B3,E4*,,not recorded individually: off-topic (non-housing/non-liquidity) at title-abstract reading
N179,10.30640/inisiatif.v5i2.7299,Kajian Analisis Keuangan dalam Menentukan Strategi Harga dan Daya Saing Usaha Rumah Tangga,2026,Inisiatif Jurnal Ekonomi Akuntansi dan Manajemen,B3,E4*,,not recorded individually: off-topic (non-housing/non-liquidity) at title-abstract reading
N180,10.1093/geroni/igaf122.1407,Trends in Reported Assisted Living Facility Acquisitions by Private Equity Firms From 2006-2023,2025,Innovation in Aging,B3,E4*,,not recorded individually: off-topic (non-housing/non-liquidity) at title-abstract reading
N181,10.30837/2522-9818.2018.4.034,ART-INDUSTRY MARKET INFRASTRUCTURE: THE ANALYSIS OF MODERN STRUCTURE AND FUNCTIONS,2018,Innovative technologies and scientific solutions for industries,B3,E4*,,not recorded individually: off-topic (non-housing/non-liquidity) at title-abstract reading
N182,10.15002/00008722,'Perfect' Real Estate Liquidity and Adjustment Paths to Long-run Equilibrium,2013,Institutional Repositories DataBase (IRDB),B3,E4*,,not recorded individually: off-topic (non-housing/non-liquidity) at title-abstract reading
N183,10.15012/00000155,An Analysis of Housing Liquidity and Household Portfolio : An Urban-rural Comparison,2013,Institutional Repositories DataBase (IRDB),B3,E4*,,not recorded individually: off-topic (non-housing/non-liquidity) at title-abstract reading
N184,10.18901/00000629,Dynamic optimization of real estate investment in the long-term portfolio selection considering illiquidity risk,2015,Institutional Repositories DataBase (IRDB),B1,E4*,,not recorded individually: off-topic (non-housing/non-liquidity) at title-abstract reading
N185,10.1098/rsfs.2025.0069,From prediction to explanation for price–volume dynamics in real estate market,2026,Interface Focus,B3,I,C,price-volume dynamics explanation
N186,10.3968/8848,"Review of Business Plan of Domibite Restaurant, Lokoja, Kogi State, Nigeria",2016,International Business Management,B3,E4*,,not recorded individually: off-topic (non-housing/non-liquidity) at title-abstract reading
N187,10.1111/iere.12679,HOUSING MARKET DISCOUNT RATES: EVIDENCE FROM BARGAINING AND BIDDING WARS,2023,International Economic Review,B2,I,B,discount rates bargaining bidding wars IER
N188,10.1111/infi.12408,Time‐varying impacts of expectations on housing markets across hot and cold phases,2022,International Finance,B3,I,C,expectations hot cold phases
N189,10.17016/ifdp.2006.879r,Efficiency in Housing Markets: Do Home Buyers Know how to Discount?,2006,International Finance Discussion Paper,B2,E4*,,not recorded individually: off-topic (non-housing/non-liquidity) at title-abstract reading
N190,10.36948/ijfmr.2022.v04i05.031,A Study on Food Service Marketing with Reference to Moodabidri and Karkala,2022,International Journal For Multidisciplinary Research,B3,E4*,,not recorded individually: off-topic (non-housing/non-liquidity) at title-abstract reading
N191,10.36948/ijfmr.2023.v05i02.2383,"A Role of Social Media in B2B Marketing and Branding: A Case of UK Fashion Industry with Reference to Zara, UK",2023,International Journal For Multidisciplinary Research,B3,E4*,,not recorded individually: off-topic (non-housing/non-liquidity) at title-abstract reading
N192,10.22214/ijraset.2022.44947,Wrinkling Defect in Sheet Metal Process using Finite Element Analysis,2022,International Journal for Research in Applied Science and Engineering Technology,B3,E4*,,not recorded individually: off-topic (non-housing/non-liquidity) at title-abstract reading
N193,10.6007/ijarbss/v12-i1/12093,"The Role of Promotion Strategies in Increasing the Sales Volume of Regional Specialty Foods in Nampes Hamlet, Baturetno Village, Singosari Malang",2022,International Journal of Academic Research in Business and Social Sciences,B3,E4*,,not recorded individually: off-topic (non-housing/non-liquidity) at title-abstract reading
N194,10.56734/ijahss.v6n6a9,The Impact of Fiscal Policy on Real Estate Transaction Prices and Volumes – A Case Study of Taiwan's Municipalities,2025,International Journal of Arts Humanities & Social Science,B3,I?,C,fiscal policy Taiwan prices volumes (venue check)
N195,10.7753/ijcatr1408.1006,Integrating AI-Powered Business Intelligence Dashboards to Forecast Commercial Property Trends and Tenant Retention Metrics,2025,International Journal of Computer Applications Technology and Research,B3,E4*,,not recorded individually: off-topic (non-housing/non-liquidity) at title-abstract reading
N196,10.1016/j.ijdrr.2025.105797,"Fear of accidents in nuclear power plants, shocks to the housing market and effective policies to mitigate these: evidence from Sweden",2025,International Journal of Disaster Risk Reduction,B1,I?,A/C,nuclear fear Swedish housing shocks (full text)
N197,10.63922/ijebir.v2i02.203,"Analysis of Marketing Strategy in Increasing Property Sales Volume (Case Study on Citra Asri Housing in the Village Pematang Seleng, Labuhanbatu Regency)",2023,International Journal of Economics Business and Innovation Research,B3,E4*,,not recorded individually: off-topic (non-housing/non-liquidity) at title-abstract reading
N198,10.5281/zenodo.7556549,Whatsapp Business As Customer Relationship Management Media,2023,"International Journal of Education, Information Technology, and Others",B3,E4*,,not recorded individually: off-topic (non-housing/non-liquidity) at title-abstract reading
N199,10.1002/er.8043,Evaluation of energy consumption in apartment buildings with biochar and phase‐change material aggregate‐applied artificial stone finishing materials,2022,International Journal of Energy Research,B3,E4*,,not recorded individually: off-topic (non-housing/non-liquidity) at title-abstract reading
N200,10.35940/ijeat.e7733.088619,Behaviour of Cold Formed Light Gauge Steel Angle Columns Subjected To Eccentric Loading,2019,International Journal of Engineering and Advanced Technology,B3,E4*,,not recorded individually: off-topic (non-housing/non-liquidity) at title-abstract reading
N201,10.3390/ijerph14111410,"Indoor Temperatures in Low Cost Housing in Johannesburg, South Africa",2017,International Journal of Environmental Research and Public Health,B3,E4*,,not recorded individually: off-topic (non-housing/non-liquidity) at title-abstract reading
N202,10.3390/ijerph16101863,Hot and Cold Spot Areas of Household Tuberculosis Transmission in Southern China: Effects of Socio-Economic Status and Mycobacterium tuberculosis Genotypes,2019,International Journal of Environmental Research and Public Health,B3,E4*,,not recorded individually: off-topic (non-housing/non-liquidity) at title-abstract reading
N203,10.3390/ijerph17155339,Design of an Integrated Platform for Mapping Residential Exposure to Rf-Emf Sources,2020,International Journal of Environmental Research and Public Health,B3,E4*,,not recorded individually: off-topic (non-housing/non-liquidity) at title-abstract reading
N204,10.3390/ijerph17197050,Evaluation of Legionella spp. Colonization in Residential Buildings Having Solar Thermal System for Hot Water Production,2020,International Journal of Environmental Research and Public Health,B3,E4*,,not recorded individually: off-topic (non-housing/non-liquidity) at title-abstract reading
N205,10.1186/s12942-025-00395-w,"Relationships of residential distance to greenhouse floriculture and organophosphate, pyrethroid, and neonicotinoid urinary metabolite concentration in Ecuadorian Adolescents",2025,International Journal of Health Geographics,B3,E4*,,not recorded individually: off-topic (non-housing/non-liquidity) at title-abstract reading
N206,10.18280/ijht.430207,Experimental and Numerical Analysis of Air Gap Insulation for Thermal Performance Enhancement in Polyethylene Water Storage Tanks,2025,International Journal of Heat and Technology,B3,E4*,,not recorded individually: off-topic (non-housing/non-liquidity) at title-abstract reading
N207,10.1080/19491247.2017.1386386,"Hot city, cool city: explaining neighbourhood-level losses in low-cost rental housing in southern US cities",2017,International Journal of Housing Policy,B3,E4*,,not recorded individually: off-topic (non-housing/non-liquidity) at title-abstract reading
N208,10.1080/19491247.2026.2668654,The uneven geography of private rental sector growth and socioeconomic residential segregation in Swedish municipalities (1994–2019),2026,International Journal of Housing Policy,B3,E4*,,not recorded individually: off-topic (non-housing/non-liquidity) at title-abstract reading
N209,10.24940/ijird/2017/v6/i8/aug17108,Effects of Strategy Implementation on the Performance of Digital Media Industry in Kenya,2017,International Journal of Innovative Research and Development,B3,E4*,,not recorded individually: off-topic (non-housing/non-liquidity) at title-abstract reading
N210,10.15379/ijmst.v10i3.1997,Use Of Mining Tailings in The Manufacture of Ecological Bricks to Encourage the Construction of Sustainable Housing,2023,International Journal of Membrane Science and Technology,B3,E4*,,not recorded individually: off-topic (non-housing/non-liquidity) at title-abstract reading
N211,10.71274/ijpp.v11i5.348,"Influence of Liquidity Risk Hedging on Performance of Real Estate Firms in Meru County, Kenya",2023,International Journal of Professional Practice,B3,E4*,,not recorded individually: off-topic (non-housing/non-liquidity) at title-abstract reading
N212,10.18061/ijrc.6258,Shifting Economic Trends and Crime in Rural Communities,2026,International Journal of Rural Criminology,B3,E4*,,not recorded individually: off-topic (non-housing/non-liquidity) at title-abstract reading
N213,10.1080/13645579.2023.2241797,Attack the bot: Mode effects and the challenges of conducting a mixed-mode household survey during the Covid-19 pandemic,2023,International Journal of Social Research Methodology,B3,E4*,,not recorded individually: off-topic (non-housing/non-liquidity) at title-abstract reading
N214,10.47814/ijssrr.v5i7.357,Marketing Mix Analysis on Increasing Sales Volume at Perumnas Branch I Tamalanrea in Makassar,2022,International Journal of Social Science Research and Review,B3,E4*,,not recorded individually: off-topic (non-housing/non-liquidity) at title-abstract reading
N215,10.3846/ijspm.2018.5219,INFORMATION CONTENT OF TRANSACTION VOLUME: THE HOUSING MARKET IN THE UNITED KINGDOM,2018,International Journal of Strategic Property Management,B3,I,C,information content transaction volume UK
N216,10.3846/ijspm.2025.23317,"Supply decision of existing apartment: Case study of apartment transactions in Gangdong district, Seoul, Korea",2025,International Journal of Strategic Property Management,B3,I?,B/C,supply decision existing apartment Seoul KR (full text)
N217,10.7763/ijtef.2011.v2.134,The Existence and Implications of Thin Real Estate Market,2011,International Journal of Trade Economics and Finance,B3,E4*,,not recorded individually: off-topic (non-housing/non-liquidity) at title-abstract reading
N218,10.1080/12265934.2016.1239548,A study on the impact of changes in consumer sentiment on the housing market in Korea,2016,International Journal of Urban Sciences,B3,I,C/D,consumer sentiment trading volume KR
N219,10.1080/12265934.2021.1925142,Features of the ripple effect in the US regional housing markets: a viewpoint of nonsynchronous trading,2021,International Journal of Urban Sciences,B3,I,C,ripple nonsynchronous trading
N220,10.53383/100332,Use of Google Trends to Predict the Real Estate Market: Evidence from the United Kingdom,2021,International Real Estate Review,B3,I,D,Google Trends UK IRER
N221,10.1016/j.irfa.2025.104222,Impact of carbon prices on household behaviors in housing transactions,2025,International Review of Financial Analysis,B1,I?,C,carbon prices housing transactions (full text)
N222,10.5402/2012/621526,Improved Handset Antenna Performance via an Electrically Extended Ground Plane,2012,ISRN Communications and Networking,B3,E4*,,not recorded individually: off-topic (non-housing/non-liquidity) at title-abstract reading
N223,10.26650/istjecon2025-1707729,From Causes to Forecasts: Granger Causality and Machine Learning Predictions of Housing Sales in Türkiye,2025,Istanbul Journal of Economics / İstanbul İktisat Dergisi,B3,I,C,housing sales Granger ML Türkiye
N224,10.5406/2327753x.43.01.24,What I Did Not See as a Child,2025,Italian Americana,B3,E4*,,not recorded individually: off-topic (non-housing/non-liquidity) at title-abstract reading
N225,10.33087/jmas.v5i2.199,Analisis Kebijakan Penetapan Harga Jual Rumah pada Perumahan PT. Nasaliansyah Developer Jambi,2020,J-MAS (Jurnal Manajemen dan Sains),B3,E4*,,not recorded individually: off-topic (non-housing/non-liquidity) at title-abstract reading
N226,10.1001/jama.1987.03390190073022,Omission,1987,JAMA,B3,E4*,,not recorded individually: off-topic (non-housing/non-liquidity) at title-abstract reading
N227,10.2196/39033,Monitoring the Nutrient Composition of Food Prepared Out-of-Home in the United Kingdom: Database Development and Case Study,2022,JMIR Public Health and Surveillance,B3,E4*,,not recorded individually: off-topic (non-housing/non-liquidity) at title-abstract reading
N228,10.4172/2155-6105.1000e123,Methamphetamine and Dave’s Story,2013,Journal of Addiction Research & Therapy,B2,E4*,,not recorded individually: off-topic (non-housing/non-liquidity) at title-abstract reading
N229,10.15641/jarer.v6i1.935,Urban Regeneration and the Perceptions of Commercial Real Estate Market Participants,2021,Journal of African Real Estate Research,B3,E4*,,not recorded individually: off-topic (non-housing/non-liquidity) at title-abstract reading
N230,10.21608/auej.2021.141780,THE INNER COURTYARD AND ITS ROLE IN ACTIVATING THE SUSTAINABLE DIMENSION OF RESIDENTIAL BUILDINGS IN HOT REGIONS,2021,Journal of Al-Azhar University Engineering Sector,B3,E4*,,not recorded individually: off-topic (non-housing/non-liquidity) at title-abstract reading
N231,10.1016/j.jallcom.2023.168763,Effect of cold and hot compactions on corrosion behavior of p- and n-type bismuth telluride-based alloys developed through microwave sintering process,2023,Journal of Alloys and Compounds,B3,E4*,,not recorded individually: off-topic (non-housing/non-liquidity) at title-abstract reading
N232,10.1002/jae.3950070202,The role of the list price in housing markets: Theory and an econometric model,1992,Journal of Applied Econometrics,B2,I,B,role of list price Horowitz 1992
N233,10.1002/jae.2891,Real estate agents' influence on housing search,2022,Journal of Applied Econometrics,B2,I,A/D,agents influence housing search
N234,10.4314/jasem.v20i4.12,Determination of safety distance for installing GSM mast in residential areas in Nigeria,2016,Journal of applied science and environmental management,B3,E4*,,not recorded individually: off-topic (non-housing/non-liquidity) at title-abstract reading
N235,10.3130/aija.62.53_1,A MESUREMENT FOR LOAD OF HOT AND COLD WATER SUPPLY AND A PREDICTING THE FLUCTUATION OF HOURLY DEMAND OF WATER SUPPLY ACCORDING TO TIME SERIES ANALYSIS : A study on predicting the demand fluctuation of wat6er supply in apartment houses,1997,Journal of Architecture and Planning (Transactions of AIJ),B3,E4*,,not recorded individually: off-topic (non-housing/non-liquidity) at title-abstract reading
N236,10.3130/aija.80.1991,"THE FACTORS AND SUBJECTS OF ""INDIRECT SUPPORT"" FOR RESIDENTS IN EMERGENCY TEMPORARY HOUSING",2015,Journal of Architecture and Planning (Transactions of AIJ),B3,E4*,,not recorded individually: off-topic (non-housing/non-liquidity) at title-abstract reading
N237,10.3130/aija.81.1011,A CONSIDERATION ABOUT AGE DEPRECIATION OF HOUSING IN JAPAN,2016,Journal of Architecture and Planning (Transactions of AIJ),B3,E4*,,not recorded individually: off-topic (non-housing/non-liquidity) at title-abstract reading
N238,10.18564/jasss.2360,Agent-Based Simulation of the Search Behavior in China's Resale Housing Market: Evidence from Beijing,2014,Journal of Artificial Societies and Social Simulation,B3,I?,T,ABM search Beijing resale (full text)
N239,10.18564/jasss.4410,Housing Market Agent-Based Simulation with Loan-To-Value and Debt-To-Income,2020,Journal of Artificial Societies and Social Simulation,B3,E4*,,not recorded individually: off-topic (non-housing/non-liquidity) at title-abstract reading
N240,10.1016/j.jobe.2025.113657,Energy saving by adaptive thermal comfort and occupant behaviours in dwellings based on literature review,2025,Journal of Building Engineering,B3,E4*,,not recorded individually: off-topic (non-housing/non-liquidity) at title-abstract reading
N241,10.19030/jber.v2i7.2896,The Determination Of Optimal Reservation Price Setting For Homeowners,2011,Journal of Business & Economics Research (JBER),B2,I?,T,optimal reservation price low-tier
N242,10.1016/j.jclepro.2026.149502,Household water consumption patterns revealed through high-resolution fixture-level monitoring in a Swedish living lab,2026,Journal of Cleaner Production,B3,E4*,,not recorded individually: off-topic (non-housing/non-liquidity) at title-abstract reading
N243,10.14529/jcem230304,Neural Network System of Sales Volume Forecasting of Residential Real Estate in the Primary Regional Market,2023,Journal of Computational and Engineering Mathematics,B3,E4*,,not recorded individually: off-topic (non-housing/non-liquidity) at title-abstract reading
N244,10.46610/jocbme.2024.v010i01.002,"Enhancing Residential Construction Efficiency: Evaluating Interlock Blocks as a Sustainable Alternative to Traditional Brick Construction (A Case Study of Private Housing in Setipakha Height, Lalitpur)",2024,Journal of Construction and Building Materials Engineering,B3,E4*,,not recorded individually: off-topic (non-housing/non-liquidity) at title-abstract reading
N245,10.58247/jdset-2022-0502-11,ENERGY HARVESTING FROM EXHAUST WASTE HEAT USING THERMOELECTRIC GENERATOR (TEG) MODULES,2022,Journal of Defence Science Engineering & Technology,B3,E4*,,not recorded individually: off-topic (non-housing/non-liquidity) at title-abstract reading
N246,10.4102/jef.v12i1.204,Listing price estimation of apartments: A generalised linear model,2019,Journal of Economic and Financial Sciences,B2,E4*,,not recorded individually: off-topic (non-housing/non-liquidity) at title-abstract reading
N247,10.1093/jeg/lbag064,"Flood risk information, housing markets, and spatial inequality",2026,Journal of Economic Geography,B1,I?,A/C,flood risk info housing markets (full text)
N248,10.33140/jerr.03.04.01,A Comparative Study of Corporate Real Estate Strategies for Selected Local and Foreign Commercial Banks in Malaysia (Document Review),2023,Journal of Economic Research & Reviews,B3,E4*,,not recorded individually: off-topic (non-housing/non-liquidity) at title-abstract reading
N249,10.22812/jetem.2018.29.1.003,Estimating the Price Elasticity of Peak Residential Demand using High Frequency Data,2018,Journal of Economic Theory And Econometrics,B3,E4*,,not recorded individually: off-topic (non-housing/non-liquidity) at title-abstract reading
N250,10.32996/jefas.2024.6.2.4,A Comparative Study and Analysis of the History and Recent Development of Real Estate in Hong Kong and the Mainland,2024,Journal of Economics Finance and Accounting Studies,B3,E4*,,not recorded individually: off-topic (non-housing/non-liquidity) at title-abstract reading
N251,10.1016/j.jempfin.2021.10.003,Housing market spillovers through the lens of transaction volume: A new spillover index approach,2021,Journal of Empirical Finance,B3,I,C,spillovers transaction volume J Empirical Finance
N252,10.22109/jemt.2020.230539.1240,"Investigating effect of using earth-sheltered architecture on energy conservation in cold and mountainous climate; case study: Yakhchal-e Qaem Maqam, Basement of Sharbat Oqli House, and Cistern of Parvin Etesami House",2021,Journal of Energy Management and Technology,B3,E4*,,not recorded individually: off-topic (non-housing/non-liquidity) at title-abstract reading
N253,10.1155/2024/9247702,Production and Characterization of Recycled Polypropylene Composite Reinforced with Cotton Fabric Waste,2024,Journal of Engineering,B3,E4*,,not recorded individually: off-topic (non-housing/non-liquidity) at title-abstract reading
N254,10.9734/jerr/2023/v25i8963,Investigation of Recycled Plastic Waste into Bricks for the Construction of Housing Projects in Ghana,2023,Journal of Engineering Research and Reports,B3,E4*,,not recorded individually: off-topic (non-housing/non-liquidity) at title-abstract reading
N255,10.1016/j.jeem.2024.103041,Pipeline incidents and property values,2024,Journal of Environmental Economics and Management,B3,E4*,,not recorded individually: off-topic (non-housing/non-liquidity) at title-abstract reading
N256,10.3130/aije.68.73_1,THE ANALYSIS ON THE SEASONAL CHANGE IN USAGE OF HOT AND COLD WATER : The analysis and evaluation on usage of hot and cold water on urban apartment house (Part 1),2003,Journal of Environmental Engineering (Transactions of AIJ),B3,E4*,,not recorded individually: off-topic (non-housing/non-liquidity) at title-abstract reading
N257,10.1186/s13002-025-00841-w,"Exploring local vegetables cultivated in home gardens of Pa Tio District, Yasothon Province, Thailand: ethnobotanical knowledge, nutritional value, and horticultural potential",2025,Journal of Ethnobiology and Ethnomedicine,B3,E4*,,not recorded individually: off-topic (non-housing/non-liquidity) at title-abstract reading
N258,10.1242/jeb.01154,How the house sparrowPasser domesticusabsorbs glucose,2004,Journal of Experimental Biology,B3,E4*,,not recorded individually: off-topic (non-housing/non-liquidity) at title-abstract reading
N259,10.36883/jfres.v2i1.23,"Pengaruh Tingkat Pendidikan, Pembangunan Infrastruktur Dan Pembangunan Real Estate Terhadap Tingkat Serapan Tenaga Kerja Di Provinsi Papua Barat Tahun 2010-2014",2019,Journal of Fiscal and Regional Economy Studies,B3,E4*,,not recorded individually: off-topic (non-housing/non-liquidity) at title-abstract reading
N260,10.38100/jhuf.2019.4.1.83,Availability of Lee-Carter Model in Housing Market Analysis,2019,Journal of Housing and Urban Finance,B3,E4*,,not recorded individually: off-topic (non-housing/non-liquidity) at title-abstract reading
N261,10.38100/jhuf.2021.6.2.53,Frequency domain analysis to detect common cycle in housing price and trading volume,2021,Journal of Housing and Urban Finance,B3,I,C,common cycle price volume KR
N262,10.38100/jhuf.2023.8.2.25,House prices and sales: A search-matching model of housing market,2023,Journal of Housing and Urban Finance,B3,I,T,search-matching prices sales KR
N263,10.15408/jlr.v4i5.28246,Implementation of Sharia Marketing in the Real Estate Industry During the Covid-19 Pandemic Using a SWOT Analysis,2022,JOURNAL OF LEGAL RESEARCH,B3,E4*,,not recorded individually: off-topic (non-housing/non-liquidity) at title-abstract reading
N264,10.24235/jiesbi.v1i1.97,Implementation of the MMQ Agreement in KPR ProductsOn Increasing Financing at Bank Muamalat KCP Kuningan,2024,Journal of lslamic Economics and Bussines Ethics,B3,E4*,,not recorded individually: off-topic (non-housing/non-liquidity) at title-abstract reading
N265,10.4236/msce.2025.131002,Effect of Coal Fly Ash Incorporation on the Physical and Mechanical Properties of Terracotta Bricks Based on Grey Clay,2025,Journal of Materials Science and Chemical Engineering,B3,E4*,,not recorded individually: off-topic (non-housing/non-liquidity) at title-abstract reading
N266,10.2473/journalofmmij.123.793,Recycling of Electronic Equipments,2007,Journal of MMIJ,B3,E4*,,not recorded individually: off-topic (non-housing/non-liquidity) at title-abstract reading
N267,10.69554/rpvm6963,Educating customers on back office conversion of cheques,2007,Journal of payments strategy & systems,B3,E4*,,not recorded individually: off-topic (non-housing/non-liquidity) at title-abstract reading
N268,10.1177/0739456x9401300203,Housing Turnover in Developing Nations: The Case of Seoul,1994,Journal of Planning Education and Research,B3,E3,housing,turnover Seoul 1994 (mobility/turnover not sales liquidity; JPER)
N269,10.1108/14635780910951948,Panel modelling of retail yields in Asia‐Pacific cities,2009,Journal of Property Investment and Finance,B1,E4*,,not recorded individually: off-topic (non-housing/non-liquidity) at title-abstract reading
N270,10.1108/jpif-04-2017-0029,The evaluation of the Australian office market forecast accuracy,2018,Journal of Property Investment and Finance,B3,E4*,,not recorded individually: off-topic (non-housing/non-liquidity) at title-abstract reading
N271,10.1108/jpif-08-2019-0100,"Artificial intelligence, news sentiment, and property market liquidity",2019,Journal of Property Investment and Finance,B3,E1,commercial,property liquidity news sentiment
N272,10.1108/jpif-12-2018-0092,What influence domestic and overseas developers’ decisions?,2019,Journal of Property Investment and Finance,B3,E4*,,not recorded individually: off-topic (non-housing/non-liquidity) at title-abstract reading
N273,10.1080/02791072.2009.10399906,"Nitrite Inhalant Abuse in Antisocial Youth: Prevalence, Patterns, and Predictors",2009,Journal of Psychoactive Drugs,B3,E4*,,not recorded individually: off-topic (non-housing/non-liquidity) at title-abstract reading
N274,10.1016/j.jpubeco.2020.104353,Housing liquidity and long-term care insurance demand: A quantitative evaluation,2021,Journal of Public Economics,B3,E4,housing,"liquidity = wealth illiquidity (LTC insurance), not market indicator"
N275,10.1093/jrr/rry024,"VK-phantom male with 583 structures and female with 459 structures, based on the sectioned images of a male and a female, for computational dosimetry",2018,Journal of Radiation Research,B3,E4*,,not recorded individually: off-topic (non-housing/non-liquidity) at title-abstract reading
N276,10.30902/jrea.2018.4.1.85,"Intervention Analysis of Apartment Trading Volume in Seoul, Korea",2018,Journal of Real Estate Analysis,B3,I,C,intervention analysis apartment trading volume Seoul KR
N277,10.30902/jrea.2018.4.1.55,The Effect of Interest Rates on Housing Market,2018,Journal of Real Estate Analysis,B3,I?,C,interest rates housing market VAR KR (volume var? full text)
N278,10.30902/jrea.2019.5.1.1,Korean Housing Market Dynamics: A VAR Analysis with Sign Restrictions,2019,Journal of Real Estate Analysis,B3,I?,C,Korean housing dynamics sign-restricted VAR (transaction volume var? full text)
N279,10.30902/jrea.2024.10.2.37,Study on the Determinants of Housing Sales Transaction Volume Considering Population Factors,2024,Journal of Real Estate Analysis,B3,I,C,determinants housing sales transaction volume population KR
N280,10.30902/jrea.2025.11.1.67,The Effects of Housing Policy on the Period of Home Ownership Using Survival Analysis,2025,Journal of Real Estate Analysis,B1,E4,holding,"period survival (ownership duration, not TOM)"
N281,10.30902/jrea.2025.11.3.127,Apartment Renaming and Sale Price Premium in the Case of GTX-C and Indeogwon in Korea,2025,Journal of Real Estate Analysis,B3,E4*,,not recorded individually: off-topic (non-housing/non-liquidity) at title-abstract reading
N282,10.30902/jrea.2026.12.1.105,Heterogeneity in Housing Market Adjustment Structures across Regions,2026,Journal of Real Estate Analysis,B3,I?,C,regional adjustment structures (volume? full text) KR
N283,10.30902/jrea.2026.12.1.149,Price-Tier Adjustment and Spatial Concentration in Seoul’s Apartment Market During a Period of Interest Rate Changes,2026,Journal of Real Estate Analysis,B3,I?,C/B,price-tier adjustment Seoul (volume? full text) KR
N284,10.30902/jrea.2026.12.2.27,An Analysis of the Spatial Spillover Effects of Lifting Land Transaction Permit Zone Designation Using Distance-Band Spatial Difference-in-Differences (DID),2026,Journal of Real Estate Analysis,B3,I?,C,LTPZ lifting spillover DID KR (volume outcome? full text)
N285,10.1111/jori.70006,Housing wealth and long‐term care insurance demand: Survey evidence,2025,Journal of Risk & Insurance,B3,E4*,,not recorded individually: off-topic (non-housing/non-liquidity) at title-abstract reading
N286,10.35472/281429,Possibility and Effects of Recycling Vinyl-Banner Waste Into Fired-Clay Bricks for Home Industry in Lampung,2019,Journal of Science and Applicative Technology,B3,E4*,,not recorded individually: off-topic (non-housing/non-liquidity) at title-abstract reading
N287,10.3724/sp.j.1249.2025.01010,Straw resource performance and application potential assessment,2025,JOURNAL OF SHENZHEN UNIVERSITY SCIENCE AND ENGINEERING,B3,E4*,,not recorded individually: off-topic (non-housing/non-liquidity) at title-abstract reading
N288,10.1111/j.1540-627x.2011.00337.x,Competitive Actions of Small Firms in a Declining Market,2011,Journal of Small Business Management,B3,E4*,,not recorded individually: off-topic (non-housing/non-liquidity) at title-abstract reading
N289,10.1061/jsdccc.sceng-1633,Structural Response of Laterally Loaded Ridge Vent Light Frame Diaphragms,2025,Journal of structural design and construction practice.,B3,E4*,,not recorded individually: off-topic (non-housing/non-liquidity) at title-abstract reading
N290,10.1080/19498276.2025.2593106,"Effect of the Norfolk Southern Train Derailment on House Prices in East Palestine, OH",2025,Journal of Sustainable Real Estate,B1,E4*,,not recorded individually: off-topic (non-housing/non-liquidity) at title-abstract reading
N291,10.1111/j.1532-5415.2006.00804.x,MAYBE OLDER ISN'T COLDER,2006,Journal of the American Geriatrics Society,B3,E4*,,not recorded individually: off-topic (non-housing/non-liquidity) at title-abstract reading
N292,10.1080/01944360701702313,From the Subprime to the Exotic: Excessive Mortgage Market Risk and Foreclosures,2008,Journal of the American Planning Association,B3,E4*,,not recorded individually: off-topic (non-housing/non-liquidity) at title-abstract reading
N293,10.1080/01944360903294556,Planning for Housing Recovery? Lessons Learned From Hurricane Andrew,2009,Journal of the American Planning Association,B3,E4*,,not recorded individually: off-topic (non-housing/non-liquidity) at title-abstract reading
N294,10.1080/01944360903124316,"The Foreclosure Crisis, Foreclosed Properties, and Federal Policy: Some Implications for Housing and Community Development Planning",2009,Journal of the American Planning Association,B3,E4*,,not recorded individually: off-topic (non-housing/non-liquidity) at title-abstract reading
N295,10.1080/01944363.2024.2319293,Can New Housing Supply Mitigate Displacement and Exclusion?,2024,Journal of the American Planning Association,B3,E4*,,not recorded individually: off-topic (non-housing/non-liquidity) at title-abstract reading
N296,10.11361/journalcpij.57.320,Changing trends in the transaction volume of existing houses during the COVID-19 pandemic,2022,Journal of the City Planning Institute of Japan,B3,I,C,existing-house transaction volume COVID Tokyo JP (English abstract; JCPIJ)
N297,10.1080/00994480.1994.10748082,Performance of Compact Fluorescent Lamps at Different Ambient Temperatures,1994,Journal of the Illuminating Engineering Society,B3,E4*,,not recorded individually: off-topic (non-housing/non-liquidity) at title-abstract reading
N298,10.5762/kais.2015.16.11.7672,A study on the information effect of property market,2015,Journal of the Korea Academia-Industrial cooperation Society,B3,I?,C,information effect property market KR (volume-price dynamics; full text)
N299,10.5762/kais.2022.23.3.273,A Study on the Monthly Effect of Apartment Price and Transaction Volume: Focusing on New Cities in the Metropolitan Area,2022,Journal of the Korea Academia-Industrial cooperation Society,B3,I,C,monthly effect apartment price and transaction volume KR
N300,10.5762/kais.2022.23.1.374,An Empirical Study on the Nonlinear Price Increase Expectation Effect: Focusing on Apartment Transaction Price and Transaction Volume,2022,Journal of the Korea Academia-Industrial cooperation Society,B3,I?,C,price-increase expectation effect apartment transactions KR (full text)
N301,10.37642/jkremr.2021.23.3,A study on the location analysis of brokerage offices according to real estate types - Focusing on the real estate transaction price -,2021,Journal of the Korea Real Estate Management Review,B3,E4*,,not recorded individually: off-topic (non-housing/non-liquidity) at title-abstract reading
N302,10.37642/jkremr.2021.23.5,A study on influencing factors for auction successful bid price rate of apartments in Seoul area - Comparative study regarding the factors affecting both the time-adjusted auction successful bid price rate and that of the court auction -,2021,Journal of the Korea Real Estate Management Review,B3,E4*,,not recorded individually: off-topic (non-housing/non-liquidity) at title-abstract reading
N303,10.37642/jkremr.2025.12.15,A Study on the Impact of Demographic Changes on Housing Transaction Volume : Focusing on the Application of the VECM,2025,Journal of the Korea Real Estate Management Review,B3,I,C,demographic change housing transaction volume KR
N304,10.1080/00405000.2016.1254582,Sound absorption properties of acrylic carpets,2016,Journal of the Textile Institute,B3,E4*,,not recorded individually: off-topic (non-housing/non-liquidity) at title-abstract reading
N305,10.1115/1.4006608,Evaluation of Heat Transfer Effects on Turbocharger Performance,2012,Journal of Turbomachinery,B3,E4*,,not recorded individually: off-topic (non-housing/non-liquidity) at title-abstract reading
N306,10.1111/j.0735-2166.2005.00236.x,Holding the Line: Housing Turnover and the Persistence of Racial/Ethnic Segregation in New York City,2005,Journal of Urban Affairs,B3,E3,housing,turnover segregation (occupancy turnover)
N307,10.1080/07352166.2017.1305766,"Spatially concentrated renovation activity and housing appreciation in the city of Milwaukee, Wisconsin",2017,Journal of Urban Affairs,B3,E4*,,not recorded individually: off-topic (non-housing/non-liquidity) at title-abstract reading
N308,10.1061/jupddm.upeng-6082,Merger of Two Developed Districts: Uncertainty Channels and Housing Price Dynamics,2026,Journal of Urban Planning and Development,B1,E4*,,not recorded individually: off-topic (non-housing/non-liquidity) at title-abstract reading
N309,10.1002/vnl.10179,A review of vinyl technology,1997,Journal of Vinyl and Additive Technology,B3,E4*,,not recorded individually: off-topic (non-housing/non-liquidity) at title-abstract reading
N310,10.19168/jyasar.796275,Analysis of Factors Affecting Housing Sales in Turkey,2021,Journal of Yaşar University,B3,I?,C,"factors affecting housing sales Turkey (venue check: Yaşar Univ J, low-tier)"
N311,10.31186/agrisep.18.2.249-268,Profitability and Performance Evaluation of Coconut Sugar Home Agroindustry Product Lais District North Bengkulu Regency Bengkulu Province,2019,Jurnal AGRISEP Kajian Masalah Sosial Ekonomi Pertanian dan Agribisnis,B3,E4*,,not recorded individually: off-topic (non-housing/non-liquidity) at title-abstract reading
N312,10.55606/jaemb.v5i2.6611,"Pengaruh Fitur Iklan, Promo Dan Interaksi Dengan Pelanggan Di Platfrom Whatsapp Bussiness Dalam Meningkatkan Volume Penjualan Di Nibras House",2025,Jurnal Akuntansi Ekonomi dan Manajemen Bisnis,B3,E4*,,not recorded individually: off-topic (non-housing/non-liquidity) at title-abstract reading
N313,10.56447/jcb.v18i1.267,Business Network Analysis in Increasing Sales Volume in Rengginang Cililin WestBandung District,2024,JURNAL COMPUTECH & BISNIS,B3,E4*,,not recorded individually: off-topic (non-housing/non-liquidity) at title-abstract reading
N314,10.31001/dimasbudi.v2i2.570,Sugiarti STRATEGI PROMOSI DAN STRATEGI PENGEMASAN RODUK DALAM RANGKA MENINGKATKAN TINGKAT PENJUALAN PADA USAHA HOME INDUSTRY DI KELURAHAN KADIPIRO BANJARSARI SURAKARTA,2019,Jurnal Dimas Budi,B3,E4*,,not recorded individually: off-topic (non-housing/non-liquidity) at title-abstract reading
N315,10.33087/jiubj.v25i2.6108,Efektivitas Beberapa Jenis Pupuk Nitrogen pada Pembibitan Tanaman Kakao (Theobroma cacao L.),2025,Jurnal Ilmiah Universitas Batanghari Jambi,B3,E4*,,not recorded individually: off-topic (non-housing/non-liquidity) at title-abstract reading
N316,10.30650/jik.v9i2.2995,"Analysis Of Humidity, Temperature, Working Period, And Personal Protective Equipment In Home Industry At Gold Craftsmen",2021,Jurnal Ilmu Kesehatan,B3,E4*,,not recorded individually: off-topic (non-housing/non-liquidity) at title-abstract reading
N317,10.54911/litbang.v17i0.103,ANALISIS POSISI BERSAING PERUSAHAAN BATIK MENGGUNAKAN THE INDUSTRY ATTRACTIVENES BUSINESS STRENGTH MATRIX (MDTI)STUDY KASUS DI TOBAL BATIK,2019,Jurnal Litbang Kota Pekalongan,B3,E4*,,not recorded individually: off-topic (non-housing/non-liquidity) at title-abstract reading
N318,10.17358/jma.19.1.69,Marketing Strategy Development for Green House Karamba Hydroponic Vegetables,2022,Jurnal Manajemen dan Agribisnis,B3,E4*,,not recorded individually: off-topic (non-housing/non-liquidity) at title-abstract reading
N319,10.32493/mdkm.v2i1.47948,PERANAN CITRA MEREK DAN PROMOSI DALAM MENINGKATKAN VOLUME PENJUALAN PADA AGEN PROPERTI FELIZ REALTY TANGERANG,2025,Jurnal Media Komunikasi,B3,E4*,,not recorded individually: off-topic (non-housing/non-liquidity) at title-abstract reading
N320,10.22437/jpe.v17i2.13717,Analisis pendapatan pengusaha industri rumah tangga batik di Kota Jambi,2022,Jurnal Paradigma Ekonomika,B3,E4*,,not recorded individually: off-topic (non-housing/non-liquidity) at title-abstract reading
N321,10.61612/jpn.v5i1.117,STRATEGI RENCANA PEMASARAN PERUMAHAN DALAM MENINGKATKAN PENJUALAN DI PT. SUBUR ABADI PUTRA,2025,Jurnal Pelita Nusa,B3,E4*,,not recorded individually: off-topic (non-housing/non-liquidity) at title-abstract reading
N322,10.12962/j2716179x.v19i0.21061,Tingkat Kepuasan Penghuni Apartemen Kelas Menengah ke Bawah di Kota Surabaya,2024,Jurnal Penataan Ruang,B3,E4*,,not recorded individually: off-topic (non-housing/non-liquidity) at title-abstract reading
N323,10.21831/hum.v5i2.5381,VARIABEL-VARIABEL YANG MEMPENGARUHI VOLUME PENJUALAN PADA INDUSTRI KECIL KERAJINAN KULIT DI KOTA MADYA YOGYAKARTA,2000,Jurnal Penelitian Humaniora,B3,E4*,,not recorded individually: off-topic (non-housing/non-liquidity) at title-abstract reading
N324,10.33299/jpkop.23.1.1727,Implementasi Metode Action Research untuk Peningkatan Daya Saing Umkm Melalui E-Commerce,2019,JURNAL PENELITIAN KOMUNIKASI DAN OPINI PUBLIK,B3,E4*,,not recorded individually: off-topic (non-housing/non-liquidity) at title-abstract reading
N325,10.55606/jpkmi.v2i3.470,Optimizing Palm Sugar Product Variants as an Effort to Increase Sales Volume for Home Industry Business Actors in Ujung Tebu Village,2022,Jurnal Pengabdian kepada Masyarakat Indonesia (JPKMI),B3,E4*,,not recorded individually: off-topic (non-housing/non-liquidity) at title-abstract reading
N326,10.36341/jpm.v2i2.702,PENGGUNAAN WEBSITE SEBAGAI MEDIA PROMOSI HOME INDUSTRY PADA TIM PENGGERAK PKK,2019,Jurnal Pengabdian Masyarakat Multidisiplin,B3,E4*,,not recorded individually: off-topic (non-housing/non-liquidity) at title-abstract reading
N327,10.56327/jurnalpkm.v1i2.10,PENDAMPINGAN PEMASARAN PRODUK HASIL HOME INDUSTRY BERBASIS MEDIA SOSIAL DALAM UPAYA MEMBERDAYAKAN IBU RUMAH TANGGA DI KABUPATEN PRINGSEWU,2020,Jurnal PkM Pemberdayaan Masyarakat,B3,E4*,,not recorded individually: off-topic (non-housing/non-liquidity) at title-abstract reading
N328,10.55606/jupsim.v4i2.5131,Strategi dan Analisis Pemasaran Usaha Home Industri Cuanki Asep Pride Sebagai Upaya Meningkatkan Volume Penjualan,2025,Jurnal Publikasi Sistem Informasi dan Manajemen Bisnis,B3,E4*,,not recorded individually: off-topic (non-housing/non-liquidity) at title-abstract reading
N329,10.54066/jura-itb.v2i4.2523,Analisis Pengembangan Produk Abon Ikan Kabupaten Pangandaran,2024,Jurnal Riset Akuntansi,B3,E4*,,not recorded individually: off-topic (non-housing/non-liquidity) at title-abstract reading
N330,10.35794/emba.v10i1.39450,REAKSI PASAR TERHADAP KEBIJAKAN PEMERINTAH TENTANG BEKERJA DARI RUMAH (WORK FROM HOME) PADA SAHAM PERUSAHAAN TELEKOMUNIKASI YANG TERDAFTAR DI BURSA EFEK INDONESIA,2022,"JURNAL RISET EKONOMI, MANAJEMEN, BISNIS DAN AKUNTANSI",B3,E4*,,not recorded individually: off-topic (non-housing/non-liquidity) at title-abstract reading
N331,10.35794/emba.v11i1.46461,MARKETING STRATEGY IN INCREASING HOUSING SALES VOLUME AT PT. ELFANDO BERSAUDARA SENTOSA IN NORTH MINAHASA,2023,"JURNAL RISET EKONOMI, MANAJEMEN, BISNIS DAN AKUNTANSI",B3,E4*,,not recorded individually: off-topic (non-housing/non-liquidity) at title-abstract reading
N332,10.20527/jss.v4i4.3943,PENGERINGAN KAYU KARET (Hevea brasiliensis) DENGAN METODE RADIASI MATAHARI (GREEN HOUSE) UNTUK TUJUAN PENGAWETAN KAYU,2021,Jurnal Sylva Scienteae,B3,E4*,,not recorded individually: off-topic (non-housing/non-liquidity) at title-abstract reading
N333,10.36382/jti-tki.v10i1.348,"ANALISIS STRATEGI PEMASARAN MENGGUNAKAN METODE KOMBINASI SWOT (STRENGTH, WEAKNESS, OPPORTUNITY, THREATS) DAN AHP (ANALYTICAL HIERARCHY PROCESS)",2019,Jurnal Teknologi Informasi,B3,E4*,,not recorded individually: off-topic (non-housing/non-liquidity) at title-abstract reading
N334,10.32520/juti.v3i1.741,Wesbite e-Commerce Lia Cake (Studi Kasus : Lia Cake di Desa Rumbai Jaya Kecamatan Kempas),2019,JUTI UNISI,B3,E4*,,not recorded individually: off-topic (non-housing/non-liquidity) at title-abstract reading
N335,10.37481/jmoi.v2i2.110,"Exploring the Interplay of Product Quality, Facilities, Consumer Satisfaction, and Sales Volume in Modern Markets",2023,KINERJA Jurnal Manajemen Organisasi dan Industri,B3,E4*,,not recorded individually: off-topic (non-housing/non-liquidity) at title-abstract reading
N336,10.22423/kreus.2025.17.2.69,Analysis of the Actors Affecting the Advancing of the Reconstruction Process: Focusing on Policies and Apartment Complex Characteristics,2025,Konkuk Research Institute of Real Estate and Urban Studies,B3,E4*,,not recorded individually: off-topic (non-housing/non-liquidity) at title-abstract reading
N337,10.32989/rel.2020.24.2.53,"Big Data Time Series Analysis of the Relationship Between News Coverage, Apartment Price and Trading Volume",2020,Korea Association Of Real Estate Law,B3,I,C/D,news coverage price trading volume VAR KR
N338,10.29279/jitr.k.2025.30.3.61,Effects of SAR Improvement Using Anisotropic Magneto-Dielectric Sheets,2025,Korea Industrial Technology Convergence Society,B3,E4*,,not recorded individually: off-topic (non-housing/non-liquidity) at title-abstract reading
N339,10.21073/kiar.2011..38.004,The Effects of Tax on the housing Market with Special Reference to the Determinant Factors of Housing price and Trading Volume in Seoul,2011,Korea International Accounting Review,B3,E4,tax,effects on prices (no volume indicator; abstract missing)
N340,10.56409/kreis.2026.9.1.147,The Impact of High-Risk Sex Offenders’ Residential Inflow on Micro-Spatial Real Estate Markets : Focusing on the Cases of Cho Doo-soon and Park Byung-hwa,2026,KOREA REAL ESTATE INDUSTRY SOCIETY,B3,E4*,,not recorded individually: off-topic (non-housing/non-liquidity) at title-abstract reading
N341,10.56409/kreis.2026.9.1.21,The Impact of Registered Cultural Heritage Designation on Local Commercial District : Evidence from the Mokpo Modern Historical and Cultural District,2026,KOREA REAL ESTATE INDUSTRY SOCIETY,B3,E4*,,not recorded individually: off-topic (non-housing/non-liquidity) at title-abstract reading
N342,10.54091/krepa.2026.27.2.24,"How Does Short-term Volatility in Housing Policy Affect House Prices and Transaction Volume : Evidence from the Lifting and Reimposition of the Land Transaction Permit System in Seoul, South Korea",2026,Korea Real Estate Policy Association,B3,I,C,LTPS lifting/reimposition prices and transaction volume Seoul KR
N343,10.24957/hsr.2017.25.3.01,"Relationship Among News Coverage, Consumers’ Sentiment, Prices, and Trading Volume in Housing Markets",2017,Korean Association for Housing Policy Studies,B3,I,C/D,news coverage sentiment price trading volume PVAR KR
N344,10.24957/hsr.2018.26.3.131,Smoothing of Jeonse Rental Price Index and Jeonse Transaction Volume - The Case of Condominiums in Seoul -,2018,Korean Association for Housing Policy Studies,B3,E1,jeonse,rental index smoothing (rental market)
N345,10.24957/hsr.2022.30.3.179,The Thirty Years of the Housing Studies Review : A Text-Mining Approach,2022,Korean Association for Housing Policy Studies,B3,E4*,,not recorded individually: off-topic (non-housing/non-liquidity) at title-abstract reading
N346,10.24957/hsr.2022.30.2.141,A Study on the Management Stability in Private Rental Housing Market,2022,Korean Association for Housing Policy Studies,B3,E4*,,not recorded individually: off-topic (non-housing/non-liquidity) at title-abstract reading
N347,10.24957/hsr.2026.34.3.267,Does Online Apartment Listing Volume Lead Price Changes?: The Role of Transaction Volume and a Comparison of Sale and Jeonse Markets,2026,Korean Association for Housing Policy Studies,B3,I,B/C/D,online listing volume leads price changes KR
N348,10.55029/kabl.2025.56.275,A Study of the Impact of Real Estate Policies on Auction Sale Rates : Focusing on Apartment in Seoul,2025,Korean Institute for Aggregate Buildings Law,B3,E4*,,not recorded individually: off-topic (non-housing/non-liquidity) at title-abstract reading
N349,10.1007/s12205-019-1926-9,Forecasting Short-Term Housing Transaction Volumes using Time-Series and Internet Search Queries,2019,KSCE Journal of Civil Engineering,B3,I,C/D,internet search queries forecasting transaction volume KSCE
N350,10.3368/le.89.4.614,The Effect of the BP Oil Spill on Volume and Selling Prices of Oceanfront Condominiums,2013,Land Economics,B3,I,C,BP oil spill sales volume prices condos Land Economics
N351,10.1016/j.landusepol.2016.05.008,Does liquidity affect housing market performance? An empirical study with spatial panel approach,2016,Land Use Policy,B3,I,C,liquidity and housing market performance spatial panel Land Use Policy
N352,10.4067/s0718-221x2023000100418,Effect of natural aging on selected properties of wooden facade elements made of scots pine and chestnut,2023,Maderas Ciencia y tecnología,B3,E4*,,not recorded individually: off-topic (non-housing/non-liquidity) at title-abstract reading
N353,10.23939/smeu2025.01.237,Optimization of Human Resource Management Using Business Analytics,2025,Management and Entrepreneurship in Ukraine the stages of formation and problems of development,B3,E4*,,not recorded individually: off-topic (non-housing/non-liquidity) at title-abstract reading
N354,10.1287/mnsc.2021.4285,Do Sunk Costs Affect Prices in the Housing Market?,2022,Management Science,B2,I?,B,sunk costs list prices housing Management Science (list price outcome? full text)
N355,10.1287/mnsc.2024.08149,Transaction Sequencing and House Price Pressures,2026,Management Science,B3,I,C,transaction sequencing house price pressures Management Science
N356,10.1108/mf-07-2013-0195,An assessment of the risk and return of residential real estate,2015,Managerial Finance,B1,E4*,,not recorded individually: off-topic (non-housing/non-liquidity) at title-abstract reading
N357,10.1287/msom.2024.0746,The Impact of the Opportunity Zone Program on Residential Real Estate,2024,Manufacturing & Service Operations Management,B3,E4*,,not recorded individually: off-topic (non-housing/non-liquidity) at title-abstract reading
N358,10.13016/m2v161,The Economic Value of Preserving Historic Interiors,1999,Maryland Shared Open Access Repository (USMAI Consortium),B1|B2,E4*,,not recorded individually: off-topic (non-housing/non-liquidity) at title-abstract reading
N359,10.18720/mpm.3212017_4,Residential scale solar driven cooling systems versus conventional air-conditioning in hot arid areas: a comparative study,2017,Materials Physics and Mechanics,B3,E4*,,not recorded individually: off-topic (non-housing/non-liquidity) at title-abstract reading
N360,10.4028/www.scientific.net/msf.804.19,Fabrication of FRP Spacers of Insulating Glass for Energy-Saving Eco-Friendly Home,2014,Materials science forum,B3,E4*,,not recorded individually: off-topic (non-housing/non-liquidity) at title-abstract reading
N361,10.4028/p-byw41e,Development of Light Weight Green Efficient Interlocking Blocks Using Waste Plastics and Industrial Wastes for Low Cost Housing Construction,2025,Materials science forum,B3,E4*,,not recorded individually: off-topic (non-housing/non-liquidity) at title-abstract reading
N362,10.31964/mltj.v10i1.555,Analyze of Parameter Values of Sasirangan Home Industry Wastewater at Hot and Cold Dyeing,2024,Medical Laboratory Technology Journal,B3,E4*,,not recorded individually: off-topic (non-housing/non-liquidity) at title-abstract reading
N363,10.1002/mp.14641,7T MR Thermometry technique for validation of system‐predicted SAR with a home‐built radiofrequency wrist coil,2020,Medical Physics,B3,E4*,,not recorded individually: off-topic (non-housing/non-liquidity) at title-abstract reading
N364,10.52775/1810-200x-2024-103-3-9-22,Dosimetric Accuracy of Target Motion Effects in Spot-Scanning Proton Therapy: A Phantom Study,2024,Meditsinskaya Fizika,B3,E4*,,not recorded individually: off-topic (non-housing/non-liquidity) at title-abstract reading
N365,10.1016/j.mran.2025.100357,Microbial risk and health burden associated with the domestic preparation of lentils in France and Hungary,2025,Microbial Risk Analysis,B3,E4*,,not recorded individually: off-topic (non-housing/non-liquidity) at title-abstract reading
N366,10.20372/nadre/17531,The effect of Social Media on Sales volume performance: The case of Ayat Residential real estate,2019,National Academic Digital Repository of Ethiopia,B3,E3,social,media sales volume developer marketing
N367,10.48550/arxiv.2606.15198,City landscape in sight: A crowdsourced framework for unlocking urban-scale window view perceptions from real estate imagery,2026,National University of Singapore,B3,E4*,,not recorded individually: off-topic (non-housing/non-liquidity) at title-abstract reading
N368,10.1111/j.1477-8947.2006.00125.x,Climate change and sustainable development: Understanding the linkages,2006,Natural Resources Forum,B3,E4*,,not recorded individually: off-topic (non-housing/non-liquidity) at title-abstract reading
N369,10.1038/s44284-024-00178-7,Decarbonizing urban residential communities with green hydrogen systems,2025,Nature Cities,B3,E4*,,not recorded individually: off-topic (non-housing/non-liquidity) at title-abstract reading
N370,10.3126/njmr.v5i5.51812,An Exploratory Study on Status of Homestays from Lamjung,2022,Nepal Journal of Multidisciplinary Research,B3,E4*,,not recorded individually: off-topic (non-housing/non-liquidity) at title-abstract reading
N371,10.1142/s1793005720500398,Intrinsic Quasi-Periodicity in Hong Kong Housing Price and Its Prediction,2020,New Mathematics and Natural Computation,B3,E4*,,not recorded individually: off-topic (non-housing/non-liquidity) at title-abstract reading
N372,10.3136/nskkk.44.278,Analysis of an Ordinary Process and Development of a New Continuous Smoking Process used for the Processing of Dried Bonito(Katsuo-bushi).,1997,NIPPON SHOKUHIN KOGYO GAKKAISHI,B3,E4*,,not recorded individually: off-topic (non-housing/non-liquidity) at title-abstract reading
N373,10.13182/nt11-a12516,Development of Labyrinth-Type Sealing Devices for Prototype Fast Breeder Reactor Subassemblies,2011,Nuclear Technology,B3,E4*,,not recorded individually: off-topic (non-housing/non-liquidity) at title-abstract reading
N374,10.1080/10407790.2022.2143972,Mixed convection in a lid driven square cavity using lattice Boltzmann method: Effects of thermal gradient direction and moving lid length,2022,Numerical Heat Transfer Part B Fundamentals,B3,E4*,,not recorded individually: off-topic (non-housing/non-liquidity) at title-abstract reading
N375,10.4236/oalib.1115529,Development of Maps for the Design of Bioclimatic Housing in Madagascar Based on Mahoney’s Table,2026,OALib,B3,E4*,,not recorded individually: off-topic (non-housing/non-liquidity) at title-abstract reading
N376,10.25777/q7gh-yt15,Two Essays on the Microstructure of the Housing Market: Agents' Diffused Effort and Sellers' Behavior Bias,2020,ODU Digital Commons (Old Dominion University),B2,E2,dissertation,(ODU) agents effort sellers behavior
N377,10.1353/ohh.2022.0005,"Living under the Dome: A Social and Statistical Examination of Residential History at the Dayton Arcade, 1904–1980",2022,Ohio history,B3,E4*,,not recorded individually: off-topic (non-housing/non-liquidity) at title-abstract reading
N378,10.1108/oir-07-2013-0176,“Wisdom of the crowds” and online information reliability,2014,Online Information Review,B2,E4*,,not recorded individually: off-topic (non-housing/non-liquidity) at title-abstract reading
N379,10.4236/jss.2018.61012,Research on Preventive Maintenance Strategy of Elevator Equipment,2018,Open Journal of Social Sciences,B3,E4*,,not recorded individually: off-topic (non-housing/non-liquidity) at title-abstract reading
N380,10.7936/56fx-9v37,Essays in Household and International Finance,2026,Open Scholarship Institutional Repository (Washington University in St. Louis),B1|B2,E4*,,not recorded individually: off-topic (non-housing/non-liquidity) at title-abstract reading
N381,10.54259/pakmas.v4i2.3110,"Optimalisasi Potensi BUMDes ""Bina Usaha"" Melalui Penerapan Teknologi dan Manajemen Pemasaran Produk di Desa Cinangka",2024,PaKMas Jurnal Pengabdian Kepada Masyarakat,B3,E4*,,not recorded individually: off-topic (non-housing/non-liquidity) at title-abstract reading
N382,10.2298/pan220629015a,The effects of reference pricing on housing market: Evidence from Shenzhen China,2022,Panoeconomicus,B3,I,B,reference pricing Shenzhen list prices transactions Panoeconomicus
N383,10.1111/0149-0508.00163,Interrogating Security: A Life Story in History,2000,Peace &amp Change,B3,E4*,,not recorded individually: off-topic (non-housing/non-liquidity) at title-abstract reading
N384,10.1542/pir.2020-003970,Expanding Neck Mass in an 8-year-old Girl,2022,Pediatrics in Review,B3,E4*,,not recorded individually: off-topic (non-housing/non-liquidity) at title-abstract reading
N385,10.1086/651098,Effect of Age and Diet on Total and Paracellular Glucose Absorption in Nestling House Sparrows,2010,Physiological and Biochemical Zoology,B3,E4*,,not recorded individually: off-topic (non-housing/non-liquidity) at title-abstract reading
N386,10.30872/plakat.v4i1.7368,"Variety of Flavors, Appropriate Technology, and Online Marketing for Developing Milkfish Cracker Small Business",2022,PLAKAT Jurnal Pelayanan Kepada Masyarakat,B3,E4*,,not recorded individually: off-topic (non-housing/non-liquidity) at title-abstract reading
N387,10.1080/02697459.2020.1859776,Does the Diversity of New Build Housing Type and Tenure Have a Positive Influence on Residential Absorption Rates? An Investigation of Housing Completion Rates in Leeds City Region,2021,Planning Practice and Research,B3,I?,C,absorption rates new build diversity (new-build only; Planning Practice & Research)
N388,10.1353/plc.2018.0158,Hitting Us Where We Live,2018,Pleiades,B3,E4*,,not recorded individually: off-topic (non-housing/non-liquidity) at title-abstract reading
N389,10.1371/journal.pone.0011828,"Exposure to GSM RF Fields Does Not Affect Calcium Homeostasis in Human Endothelial Cells, Rat Pheocromocytoma Cells or Rat Hippocampal Neurons",2010,PLoS ONE,B3,E4*,,not recorded individually: off-topic (non-housing/non-liquidity) at title-abstract reading
N390,10.1371/journal.pone.0096518,Synthesis and Evaluation of Fluorine-Substituted Phenyl Acetate Derivatives as Ultra-Short Recovery Sedative/Hypnotic Agents,2014,PLoS ONE,B3,E4*,,not recorded individually: off-topic (non-housing/non-liquidity) at title-abstract reading
N391,10.1371/journal.pone.0265826,Mapping local hot spots with routine tuberculosis data: A pragmatic approach to identify spatial variability,2022,PLoS ONE,B3,E4*,,not recorded individually: off-topic (non-housing/non-liquidity) at title-abstract reading
N392,10.1371/journal.pone.0280620,"Examining neighborhood-level hot and cold spots of food insecurity in relation to social vulnerability in Houston, Texas",2023,PLoS ONE,B3,E4*,,not recorded individually: off-topic (non-housing/non-liquidity) at title-abstract reading
N393,10.1371/journal.pone.0291648,Evaluation of the operation status of the residential land market in Beijing-Tianjin-Hebei region of China and its spatiotemporal pattern characteristics,2023,PLoS ONE,B3,E4*,,not recorded individually: off-topic (non-housing/non-liquidity) at title-abstract reading
N394,10.1016/j.psj.2024.104029,"Effects of micelle silymarin in corn-soybean meal-based diet on laying hens' performance, egg quality, and blood profile, with comparative assessment of blood absorption rates between powdered and micelle silymarin",2024,Poultry Science,B3,E4*,,not recorded individually: off-topic (non-housing/non-liquidity) at title-abstract reading
N395,10.12968/prps.2014.1.157.s2,The magic of melting,2014,Practical Pre-School,B3,E4*,,not recorded individually: off-topic (non-housing/non-liquidity) at title-abstract reading
N396,10.12968/ppcc.2005.2.1.39221,Feeling the cold,2005,Practical Professional Child Care,B3,E4*,,not recorded individually: off-topic (non-housing/non-liquidity) at title-abstract reading
N397,10.37478/abdika.v5i1.5050,Inovasi Pemasaran Industri Rumah Tangga Kerupuk Bawang Daliwangun Lamongan,2025,Prima Abdika Jurnal Pengabdian Masyarakat,B3,E4*,,not recorded individually: off-topic (non-housing/non-liquidity) at title-abstract reading
N398,10.14455/10.14455/isec.2022.9(1).aac-04,PREDICTION OF ABSORPTION RATE IN HOUSING PROJECT BY ARTIFICIAL NEURAL NETWORK,2022,Proceedings of International Structural Engineering and Construction,B3,E2,conference,proceedings absorption ANN
N399,10.14455/isec.2022.9(1).aac-04,PREDICTION OF ABSORPTION RATE IN HOUSING PROJECT BY ARTIFICIAL NEURAL NETWORK,2022,Proceedings of International Structural Engineering and Construction,B3,DUP,N398,
N400,10.24025/2306-4420.77(4).2025.346129,MARKETING COSTS IN THE CONSTRUCTION COST STRUCTURE: ASSESSMENT AND MANAGEMENT,2025,Proceedings of Scientific Works of Cherkasy State Technological University Series Economic Sciences,B3,E4*,,not recorded individually: off-topic (non-housing/non-liquidity) at title-abstract reading
N401,10.1073/pnas.1814647116,Dynamics of bed bug infestations and control under disclosure policies,2019,Proceedings of the National Academy of Sciences,B3,E4*,,not recorded individually: off-topic (non-housing/non-liquidity) at title-abstract reading
N402,10.1353/ria.2011.0012,Suburban and urban housing in the twentieth century,2011,Proceedings of the Royal Irish Academy Archaeology Culture History Literature,B3,E4*,,not recorded individually: off-topic (non-housing/non-liquidity) at title-abstract reading
N403,10.2528/pierb13101107,EMBEDDED ANTENNA FOR METALLIC HANDHELD COMMUNICATION DEVICES,2014,Progress In Electromagnetics Research B,B3,E4*,,not recorded individually: off-topic (non-housing/non-liquidity) at title-abstract reading
N404,10.2528/pierm12121504,DESIGN OF LOW SAR PLANAR MONOPOLE ANTENNA FOR MOBILE WIRELESS COMMUNICATION APPLICATIONS,2013,Progress In Electromagnetics Research M,B3,E4*,,not recorded individually: off-topic (non-housing/non-liquidity) at title-abstract reading
N405,10.1108/02637470810894894,The determinants of business performance of estate agency in England and Wales,2008,Property Management,B3,E3,estate,agency business performance
N406,10.1108/02637470910979998,Sole agency vs multi‐agency: an investigation of agency practice across England and Wales,2009,Property Management,B3,I?,A,sole vs multi agency practice England (sale time outcome? Property Management; full text)
N407,10.1108/pm-01-2014-0006,Selling a house and the decision to use a real estate broker in Norway,2015,Property Management,B2,I?,A,FSBO vs broker Norway (sale time? Property Management; full text)
N408,10.1108/pm-07-2020-0045,Quantification of financial consequences of buildings' ageing: analysis of panel building-level data from the Polish office space market,2020,Property Management,B3,E4*,,not recorded individually: off-topic (non-housing/non-liquidity) at title-abstract reading
N409,10.2466/pr0.96.1.235-238,Relationship between Machiavellianism Scores and Performance of Real Estate Salespersons,2005,Psychological Reports,B3,E4*,,not recorded individually: off-topic (non-housing/non-liquidity) at title-abstract reading
N410,10.48161/qaj.v5n4a1900,Forecasting Saudi Real Estate Market Trends: A Time-Series Based Comparative Study of 2023 Saudi Real Estate Transactional Data,2025,Qubahan Academic Journal,B3,E4*,,not recorded individually: off-topic (non-housing/non-liquidity) at title-abstract reading
N411,10.52187/rdt.v7i2.422,Sales Volume Of Apartment And Condotel Units Reviewed from Discount Policy And Sales Visit,2026,Radiant,B3,E3,developer,unit sales volume marketing
N412,10.1093/oxfordjournals.rpd.a032993,Sensitivity Analysis of the Weighted Equivalent Lung Dose Per Unit Exposure from Radon Progeny,2000,Radiation Protection Dosimetry,B3,E4*,,not recorded individually: off-topic (non-housing/non-liquidity) at title-abstract reading
N413,10.1093/rpd/ncu057,Typical exposure of children to EMF: exposimetry and dosimetry,2014,Radiation Protection Dosimetry,B3,E4*,,not recorded individually: off-topic (non-housing/non-liquidity) at title-abstract reading
N414,10.1093/rpd/ncx028,ASSESSMENT OF PUBLIC EXPOSURE FORM WLANS IN THE WEST BANK—PALESTINE,2017,Radiation Protection Dosimetry,B3,E4*,,not recorded individually: off-topic (non-housing/non-liquidity) at title-abstract reading
N415,10.1177/1043463106066378,Working your Way in,2007,Rationality and Society,B3,E4*,,not recorded individually: off-topic (non-housing/non-liquidity) at title-abstract reading
N416,10.31274/rreg.25582,"Locating the Craft Beer Revolution: Industry Growth, Neighborhood Change, and the Geography of Craft Brewing",2026,Reaching Regions,B1,E4*,,not recorded individually: off-topic (non-housing/non-liquidity) at title-abstract reading
N417,10.65411/rst.2026.264615,House Built with Interlocking Blocks Containing Para-Wood Ash,2025,Recent Science and Technology,B3,E4*,,not recorded individually: off-topic (non-housing/non-liquidity) at title-abstract reading
N418,10.1080/00343409412331348246,The Dynamics of the Owner-occupied Housing Market in Southern England in the Late 1980s: A Study of New Building and Vacancy Chains,1994,Regional Studies,B3,E2/E3,new,build dynamics 1980s descriptive Regional Studies (new build; check)
N419,10.1080/21681376.2014.981577,Exploring the spatial variation in quality-adjusted rental prices and identifying hot spots in Berlin’s residential property market,2014,Regional Studies Regional Science,B3,E4*,,not recorded individually: off-topic (non-housing/non-liquidity) at title-abstract reading
N420,10.1016/j.retrec.2026.101721,"Quantile effect of accessibility on house prices and rents: A comparative study from Fuzhou, China",2026,Research in Transportation Economics,B2,E4*,,not recorded individually: off-topic (non-housing/non-liquidity) at title-abstract reading
N421,10.22313/reik.2018.16.2.329,A Study on the Influence of Housing Regulation Policy on the Trading Volume in Pre-sale Apartment Ownership Market,2018,Residential Environment Institute Of Korea,B3,E1,pre-sale,"ownership trading volume (분양권, excluded by scope)"
N422,10.22313/reik.2018.16.2.411,A Study on the Effects of News Big Data and Google Information Search on Apartment Transaction Volume,2018,Residential Environment Institute Of Korea,B3,I,C/D,news big data Google search apartment transaction volume KR
N423,10.22313/reik.2019.17.1.187,A Study on the Characteristics of Residential Preference Area according to Apartment Price and Trading Volume in Busan,2019,Residential Environment Institute Of Korea,B3,I?,C,residential preference area price and trading volume Busan KR (full text)
N424,10.22313/reik.2019.17.4.31,Consumer Sentiment in On-line Community and the Variation of Real Estate Market,2019,Residential Environment Institute Of Korea,B3,I,C/D,online community sentiment price transaction volume KR
N425,10.22313/reik.2020.18.1.21,A Study on the Dynamic Causal Relationship between Housing Price and Housing Trading Volume,2020,Residential Environment Institute Of Korea,B3,I,C,dynamic causality housing price and trading volume KR
N426,10.22313/reik.2025.23.2.159,Determinants of Auction Sale Price Ratios for Apartments,2025,Residential Environment Institute Of Korea,B3,E1,auction,sale ratios
N427,10.1016/j.red.2024.101253,Home construction financing and search frictions in the housing market,2024,Review of Economic Dynamics,B3,I,T,construction financing search frictions RED
N428,10.1093/rfs/hhab034,Credit Supply and Housing Speculation,2018,Review of Financial Studies,B3,E4,credit,supply speculation (no liquidity indicator in abstract)
N429,10.1093/rfs/hhab017,"Capital Flows, Real Estate, and Local Cycles: Evidence from German Cities, Banks, and Firms",2021,Review of Financial Studies,B3,E4*,,not recorded individually: off-topic (non-housing/non-liquidity) at title-abstract reading
N430,10.1093/rfs/hhad076,Desperate House Sellers: Distress among Developers,2023,Review of Financial Studies,B1|B2,E3,developer,distress pricing (new-build developers)
N431,10.1093/rfs/hhaf101,Cooling Auction Fever: Evidence from the Housing Market,2026,Review of Financial Studies,B2,I,B,underquoting auctions RFS
N432,10.17765/2176-9168.2014v7n2p%p,Tratamento de Esgotos Domésticos por Disposição no Solo Pelo Método de Escoamento Superficial,2013,Revista em Agronegócio e Meio Ambiente,B3,E4*,,not recorded individually: off-topic (non-housing/non-liquidity) at title-abstract reading
N433,10.24815/jr.v7i1.37057,Analysis of Postal Agent Performance in Sidoarjo Seen from External and Internal Factors,2024,Riwayat Educational Journal of History and Humanities,B3,E4*,,not recorded individually: off-topic (non-housing/non-liquidity) at title-abstract reading
N434,10.24223/1999-5555-2017-10-4-298-303,SOME FEATURES OF OPERATION AND THERMAL-HYDRAULIC TESTS OF PLATE HEAT EXCHANGERS,2017,Safety and Reliability of Power Industry,B3,E4*,,not recorded individually: off-topic (non-housing/non-liquidity) at title-abstract reading
N435,10.32524/saintek.v3i1.509,Analisis Digital Marketing Penjualan Baju Brand Matahari Di ICH Danareja,2019,SAINTEK Jurnal ilmiah Sains dan Teknologi Industri,B3,E4*,,not recorded individually: off-topic (non-housing/non-liquidity) at title-abstract reading
N436,10.32524/saintek.v3i1.142,Analisis Digital Marketing Penjualan Baju Brand Matahari Di ICH Danareja,2021,SAINTEK Jurnal ilmiah Sains dan Teknologi Industri,B3,E4*,,not recorded individually: off-topic (non-housing/non-liquidity) at title-abstract reading
N437,10.1080/02815738708730113,Public housing sales in the Netherlands: The record and the outlook,1987,Scandinavian Housing and Planning Research,B3,E1,public,housing sales policy
N438,10.47521/selodangmayang.v7i1.198,PERANCANGAN SISTEM INFORMASI BERBASIS WEB: STUDI KASUS PENJUALAN MAKANAN RINGAN HOME INDUSTRI ARWANA,2021,Selodang Mayang Jurnal Ilmiah Badan Perencanaan Pembangunan Daerah Kabupaten Indragiri Hilir,B3,E4*,,not recorded individually: off-topic (non-housing/non-liquidity) at title-abstract reading
N439,10.5433/1679-0359.2011v32n4sup1p2012,Substituição de milho grão inteiro por aveia preta grão no desempenho de cordeiros confinados recebendo dietas com alto grão,2011,Semina Ciências Agrárias,B3,E4*,,not recorded individually: off-topic (non-housing/non-liquidity) at title-abstract reading
N440,10.5433/1679-0359.2013v34n4p1925,Inclusão de grãos de girassol na ração de cordeiros sobre as características quantitativas da carcaça e qualitativas da carne,2013,Semina Ciências Agrárias,B3,E4*,,not recorded individually: off-topic (non-housing/non-liquidity) at title-abstract reading
N441,10.5433/1679-0359.2015v36n3supl1p2211,Feno de maniçoba na alimentação de caprinos Moxotó,2015,Semina Ciências Agrárias,B3,E4*,,not recorded individually: off-topic (non-housing/non-liquidity) at title-abstract reading
N442,10.26700/shuri.2018.12.8.3.51,Causality and Predictability of Price-Volume in Housing Market - Evidence from Seoul and Busan Housing Markets -,2018,SH Urban Research & Insight,B3,I,C,price-volume causality Seoul Busan KR (SH Urban Research)
N443,10.34293/sijash.v8i2.3446,A Study on Recycling of Timber Waste and Fertilizer Production using Solar Powered Forced Air Supply,2020,Shanlax International Journal of Arts Science and Humanities,B3,E4*,,not recorded individually: off-topic (non-housing/non-liquidity) at title-abstract reading
N444,10.1108/sasbe-11-2024-0506,Technological compliance and usefulness of heating and cooling systems in on-campus student housing in Ghana,2025,Smart and Sustainable Built Environment,B3,E4*,,not recorded individually: off-topic (non-housing/non-liquidity) at title-abstract reading
N445,10.1161/strokeaha.115.011139,Rates and Determinants of 5-Year Outcomes After Atrial Fibrillation–Related Stroke,2015,Stroke,B3,E4*,,not recorded individually: off-topic (non-housing/non-liquidity) at title-abstract reading
N446,10.2457/srs.30.281,The Price and Welfare Effects of Rebates Offered to Integrated Retail Outlets,1999,Studies in Regional Science,B3,E4*,,not recorded individually: off-topic (non-housing/non-liquidity) at title-abstract reading
N447,10.3390/su11195203,"An Investigation of Thermal Comfort of Houses in Dry and Semi-Arid Climates of Quetta, Pakistan",2019,Sustainability,B3,E4*,,not recorded individually: off-topic (non-housing/non-liquidity) at title-abstract reading
N448,10.3390/su13031195,Application of Sustainable Prefabricated Wall Technology for Energy Efficient Social Housing,2021,Sustainability,B3,E4*,,not recorded individually: off-topic (non-housing/non-liquidity) at title-abstract reading
N449,10.3390/su152115270,Prediction of Heat and Cold Loads of Factory Mushroom Houses Based on EWT Decomposition,2023,Sustainability,B3,E4*,,not recorded individually: off-topic (non-housing/non-liquidity) at title-abstract reading
N450,10.3390/su16051854,"New Coal Char-Based Building Products: Manufacturing, Engineering Performance, and Techno-Economic Analysis for the USA Market",2024,Sustainability,B3,E4*,,not recorded individually: off-topic (non-housing/non-liquidity) at title-abstract reading
N451,10.1016/j.sftr.2025.101586,"Building value: Hedonic pricing analysis of energy performance ratings and house prices in Dublin, Ireland",2025,Sustainable Futures,B1|B2,E4*,,not recorded individually: off-topic (non-housing/non-liquidity) at title-abstract reading
N452,10.1086/ahr.115.5.1551,"Dino Carpanetto . Divisi dalla fede: Frontiere religiose, modelli politici, identità storiche nelle relazioni tra Torino e Ginevra (XVII‐XVIII secolo) . Turin : UTET Libreria . 2009 . Pp. xiii, 297. €24.00.",2010,The American Historical Review,B3,E4*,,not recorded individually: off-topic (non-housing/non-liquidity) at title-abstract reading
N453,10.1093/ahr/119.5.1778,"Jonathan Jeffrey Wright. The “Natural Leaders” and Their World: Politics, Culture and Society in Belfast, c. 1801–1832.",2014,The American Historical Review,B1,E4*,,not recorded individually: off-topic (non-housing/non-liquidity) at title-abstract reading
N454,10.1108/eum0000000006652,Handling supply chains,1999,The Antidote,B3,E4*,,not recorded individually: off-topic (non-housing/non-liquidity) at title-abstract reading
N455,10.1111/j.1467-8357.2009.01026.x,Excess All Areas:The Art Market Now,2009,The Art Book,B2,E4*,,not recorded individually: off-topic (non-housing/non-liquidity) at title-abstract reading
N456,10.1515/bejm-2013-0088,Interest rate fluctuations and equilibrium in the housing market,2014,The B E Journal of Macroeconomics,B3,E4,interest,rates equilibrium theory (no liquidity indicator)
N457,10.61186/ciauj.9.2.45,Investigating the Effect of Phase Change Materials on Energy Consumption of Residential Buildings in Cold Climate,2024,The Culture of Islamic Architecture and Urbanism,B3,E4*,,not recorded individually: off-topic (non-housing/non-liquidity) at title-abstract reading
N458,10.18848/1832-2077/cgp/v07i02/54889,Lightweight Dividing Walls: Adaptation to Temperate Climates,2011,The International Journal of Environmental Cultural Economic and Social Sustainability Annual Review,B3,E4*,,not recorded individually: off-topic (non-housing/non-liquidity) at title-abstract reading
N459,10.5736/jares1985.18.22,Efficiency of Housing Market,2004,The Japanese Journal of Real Estate Sciences,B1|B2,I?,C/T,efficiency housing market JP (full text; volume? )
N460,10.5736/jares.33.3_79,Theoretical Analysis about the Transaction Price in the Existing Home Market,2019,The Japanese Journal of Real Estate Sciences,B2,I?,T,optimal list price transaction price theory JP (full text)
N461,10.53540/tjer.vol18iss2pp82-90,A COMPARISON STUDY BETWEEN THE THERMAL PERFORMANCE OF THE ORIGINAL AND REBUILT VERNACULAR BUILDINGS OF DANA VILLAGE IN JORDAN,2022,The Journal of Engineering Research [TJER],B3,E4*,,not recorded individually: off-topic (non-housing/non-liquidity) at title-abstract reading
N462,10.1111/1475-6803.00032,Cross‐Listings and Home Market Trading Volume: The Case of Malaysia and Singapore,2002,The Journal of Financial Research,B3,E4,equity,cross-listings
N463,10.1111/jfir.12308,Signaling effects of recurrent list‐price reductions on the likelihood of house sales,2022,The Journal of Financial Research,B2,I,B,recurrent list-price reductions likelihood of sale J Financial Research
N464,10.22143/hss21.14.2.27,"Effects of Consumer Sentiment, Interest Rate, and Transaction Volume on Housing Price Using the BVAR",2023,The Journal of Humanities and Social sciences 21,B3,I,C,sentiment interest rate transaction volume BVAR KR
N465,10.14801/jkiit.2023.21.10.37,A Study on the Impact of Asking Price and Sales Volume on the Real Transaction Price of Apartment using Machine Learning,2023,The Journal of Korean Institute of Information Technology,B3,I,B/C/D,asking price and listing volume on transaction price ML KR
N466,10.1086/661941,Let the Buyer or Seller Beware: Measuring Lemons in the Housing Market under Different Doctrines of Law Governing Transactions and Information,2011,The Journal of Law and Economics,B2,I,B,lemons overpricing legal doctrines JLE (sale outcome)
N467,10.3905/jpm.2011.37.5.068,How Accurate Are Commercial Real Estate Appraisals? Evidence from 25 Years of NCREIF Sales Data,2011,The Journal of Portfolio Management,B3,E4*,,not recorded individually: off-topic (non-housing/non-liquidity) at title-abstract reading
N468,10.3905/jpm.2011.35.5.068,How Accurate Are Commercial Real Estate Appraisals?Evidence from 25 Years of NCREIF Sales Data,2011,The Journal of Portfolio Management,B3,E4*,,not recorded individually: off-topic (non-housing/non-liquidity) at title-abstract reading
N469,10.1121/1.4780642,Development of a thermoacoustic organ,2005,The Journal of the Acoustical Society of America,B3,E4*,,not recorded individually: off-topic (non-housing/non-liquidity) at title-abstract reading
N470,10.5392/jkca.2024.24.01.621,Dynamic Relationship between Housing Sales Price and Transaction Volume by Housing Type in the Metropolitan Area,2024,The Journal of the Korea Contents Association,B3,I,C,price-volume dynamics by housing type KR
N471,10.21447/jup.2020.11.3.91,Comparative Analysis of Determinants of Seoul Apartment Subscription Competition Rate,2020,The Korean Association of Urban Policies,B3,E1,subscription,competition (presale)
N472,10.52819/jnes.2024.36.1.127,An Economic Impact Assessment of Urban Renewal Policies in China -Focusing on Elevator Installations in Old Residential Areas of Beijing-,2024,The Northeast Asia Economic Association Of Korea,B3,E4*,,not recorded individually: off-topic (non-housing/non-liquidity) at title-abstract reading
N473,10.1097/inf.0000000000004829,Valacyclovir Pharmacokinetics in Infants With Neonatal Herpes Simplex Virus Disease,2025,The Pediatric Infectious Disease Journal,B3,E4*,,not recorded individually: off-topic (non-housing/non-liquidity) at title-abstract reading
N474,10.1111/0033-0124.00132,"The Effects of Informal Settlement on Suburban Property Values in Cape Town, South Africa",1998,The Professional Geographer,B3,E4*,,not recorded individually: off-topic (non-housing/non-liquidity) at title-abstract reading
N475,10.1080/00330124.2022.2114092,Migration Responses to the COVID-19 Pandemic: A Case Study of New England Showing Movements down the Urban Hierarchy and Ensuing Impacts on Real Estate Markets,2022,The Professional Geographer,B3,E4*,,not recorded individually: off-topic (non-housing/non-liquidity) at title-abstract reading
N476,10.1162/003355301753265561,Loss Aversion and Seller Behavior: Evidence from the Housing Market,2001,The Quarterly Journal of Economics,B2,I,B,loss aversion seller behavior QJE Genesove Mayer 2001
N477,10.1007/bf02899931,Racial Steering by Real Estate Agents: Mechanisms and Motives,1990,The Review of Black Political Economy,B3,E4*,,not recorded individually: off-topic (non-housing/non-liquidity) at title-abstract reading
N478,10.1093/restud/rdaa001,How Do Foreclosures Exacerbate Housing Downturns?,2020,The Review of Economic Studies,B3,I,T,foreclosures housing downturns structural REStud Guren McQuade
N479,10.1142/s0217590812500075,EMINENT PAPER SERIES — WHY DO INVENTORIES RISE WHEN DEMAND FALLS IN HOUSING AND OTHER MARKETS?,2012,The Singapore Economic Review,B1,I,T,why inventories rise when demand falls Singapore Econ Rev (Stein-type theory)
N480,10.7456/11202100/013,TYPOLOGICAL ASSESSMENT OF TRADITIONAL HOUSES IN THE HOT AND COLD CLIMATE REGIONS OF IRAN (THE CASE OF TEBRIZ AND YEZD),2022,The Turkish Online Journal of Design Art and Communication,B3,E4*,,not recorded individually: off-topic (non-housing/non-liquidity) at title-abstract reading
N481,10.59952/tuj.v8i2.505,"Effect of Property Market Liquidity on Real Estate Investment Performance in Nairobi County, Kenya",2026,The University Journal,B3,E1/E2,Nairobi,property market liquidity (investment performance; University J low-tier)
N482,10.26794/2220-6469-2019-13-4-103-114,Communicative Interaction оf Participants in the Process оf Promotion оn the Individual Residential Market in Russia,2019,The world of new economy,B3,E4*,,not recorded individually: off-topic (non-housing/non-liquidity) at title-abstract reading
N483,10.1097/ftd.0b013e31811f3296,Population Pharmacokinetics of Valproic Acid Concentrations in Elderly Nursing Home Residents,2007,Therapeutic Drug Monitoring,B3,E4*,,not recorded individually: off-topic (non-housing/non-liquidity) at title-abstract reading
N484,10.1055/s-0038-1656082,Extravascular Administration of Factor IX: Potential for Replacement Therapy of Canine and Human Hemophilia B,1997,Thrombosis and Haemostasis,B3,E4*,,not recorded individually: off-topic (non-housing/non-liquidity) at title-abstract reading
N485,10.51847/ymewaf2z0r,10.51847/YMEWAf2z0r,2000,Time to knit,B3,E4*,,not recorded individually: off-topic (non-housing/non-liquidity) at title-abstract reading
N486,10.61445/tofedu.v4i8.1091,"The Community Service Program for Assisting Bottled Coffee Production Through Packaging, Brand Labeling, and Web Based Marketing to Enhance the Economy of Dharmasraya Regency",2025,TOFEDU The Future of Education Journal,B3,E4*,,not recorded individually: off-topic (non-housing/non-liquidity) at title-abstract reading
N487,10.23902/trkjnat.1576675,Fungal contamination in residential water systems: A comparative study between hot and cold water samples,2025,Trakya University Journal of Natural Sciences,B3,E4*,,not recorded individually: off-topic (non-housing/non-liquidity) at title-abstract reading
N488,10.13031/trans.12312,An Image-Assisted Rod-Platform Weighing System for Weight Information Sampling of Broilers,2018,Transactions of the ASABE,B1,E4*,,not recorded individually: off-topic (non-housing/non-liquidity) at title-abstract reading
N489,10.13031/2013.28778,Dust Net Generation Rate in a Poultry Layer House,1992,Transactions of the ASAE,B3,E4*,,not recorded individually: off-topic (non-housing/non-liquidity) at title-abstract reading
N490,10.61784/tsshr3070,CHALLENGES AND SOLUTIONS FOR REAL ESTATE MARKETING IN THE DIGITAL ERA,2024,Trends in Social Sciences and Humanities Research,B3,E4*,,not recorded individually: off-topic (non-housing/non-liquidity) at title-abstract reading
N491,10.1186/1745-6215-9-14,Randomised controlled trial of thermostatic mixer valves in reducing bath hot tap water temperature in families with young children in social housing: A protocol,2008,Trials,B3,E4*,,not recorded individually: off-topic (non-housing/non-liquidity) at title-abstract reading
N492,10.31918/twejer.2361.38,Spatial congruence of the distribution of fuel filling stations in the city of Soran according to the criteria of distance and concentration (a study in urban geography),2023,Twejer,B3,E4*,,not recorded individually: off-topic (non-housing/non-liquidity) at title-abstract reading
N493,10.17638/03027452,Analyzing the Influence of Urban Morphology on Thermal Microclimate in a Temperate Maritime Climate,2018,University of Liverpool,B3,E4*,,not recorded individually: off-topic (non-housing/non-liquidity) at title-abstract reading
N494,10.1177/1078087414561824,Impacts of the Low-Income Housing Tax Credit Program on Neighborhood Housing Turnover,2014,Urban Affairs Review,B3,E3,LIHTC,housing turnover (occupancy)
N495,10.2747/0272-3638.23.5.446,"Housing Prices in Tucson, Arizona",2002,Urban Geography,B2,E4,hedonic,prices Tucson
N496,10.1016/j.ugj.2024.04.001,Examining the policy outcomes of cancelling the house purchase restriction: quasi-experimental evidence from China,2024,Urban Governance,B3,I?,C,HPR cancellation outcomes China (transaction volume outcome? full text; Urban Governance)
N497,10.5325/utopianstudies.36.1.0284,Gathering Snake Hut: Thermoplay and the Endurance of Queer Futurity,2025,Utopian Studies,B3,E4*,,not recorded individually: off-topic (non-housing/non-liquidity) at title-abstract reading
N498,10.18323/2221-5689-2017-3-57-63,THE CONDITION AND PROBLEMS OF MORTGAGE LENDING,2017,Vektor nauki Tol yattinskogo gosudarstvennogo universiteta Seriya Ekonomika i upravlenie,B3,E4*,,not recorded individually: off-topic (non-housing/non-liquidity) at title-abstract reading
N499,10.24160/1993-6982-2023-6-88-96,Development and Implementation of Energy-Efficient Solutions with the Use of Renewable Energy Sources for an Individual Household,2023,Vestnik MEI,B3,E4*,,not recorded individually: off-topic (non-housing/non-liquidity) at title-abstract reading
N500,10.51622/vsh.v5i2.2537,Analisis Penggunaan Sosial Media Marketing Dalam Meningkatkan Volume Penjualan Kue Home Industri Di Dapoer Zainab,2024,Visi Sosial Humaniora,B3,E4*,,not recorded individually: off-topic (non-housing/non-liquidity) at title-abstract reading
N501,10.23887/vjra.v12i2.60052,Analisis Kondisi Pasar Modal Pra Pasca Kenaikan BI 7-Day Repo Rate,2023,Vokasi Jurnal Riset Akuntansi,B3,E4*,,not recorded individually: off-topic (non-housing/non-liquidity) at title-abstract reading
N502,10.52058/2695-1592-2023-11(30)-576-584,THE IMPACT OF VISUAL ASPECTS OF REAL ESTATE ON BUYER DECISION-MAKING: AN ANALYSIS OF PHOTOGRAPHY AS A MARKETING TOOL,2023,Věda a perspektivy,B1,E4*,,not recorded individually: off-topic (non-housing/non-liquidity) at title-abstract reading
N503,10.4995/wrs.2012.945,The effect of intensive and extensive production systems on carcass quality in New Zealand White rabbits,2012,World Rabbit Science,B3,E4*,,not recorded individually: off-topic (non-housing/non-liquidity) at title-abstract reading
N504,10.1353/pcg.2011.0005,"Three Beats, Two Crimes, One City: Place-Based Distribution of Property Offenses in Atlanta, Georgia",2011,Yearbook - Association of Pacific Coast Geographers,B3,E4*,,not recorded individually: off-topic (non-housing/non-liquidity) at title-abstract reading
N505,10.61233/zijen.v2i1.14,Marketing Assistance for Home Industry Products Based on Social Media,2024,Zabags International Journal Of Engagement,B3,E4*,,not recorded individually: off-topic (non-housing/non-liquidity) at title-abstract reading
N506,10.15678/zp.2020.53.3.04,The COVID-19 Pandemic and Housing Markets in Selected European Countries: Lessons Learnt and Policy Implications,2020,Zarządzanie Publiczne,B3,E4*,,not recorded individually: off-topic (non-housing/non-liquidity) at title-abstract reading
N507,10.5281/zenodo.7556548,Whatsapp Business As Customer Relationship Management Media (Study of PT. Gramedia Customer's Loyalty During Covid-19 Pandemic),2023,Zenodo (CERN European Organization for Nuclear Research),B3,E4*,,not recorded individually: off-topic (non-housing/non-liquidity) at title-abstract reading
N508,10.5281/zenodo.18733738,Effect of Real Estate Control Policies on the Real Estate Market: Evidence from Taiwan,2025,Zenodo (CERN European Organization for Nuclear Research),B3,E2,Zenodo,preprint
N509,10.5281/zenodo.22796580,The Art of Negotiation in Mid- and High-End Real Estate,2025,Zenodo (CERN European Organization for Nuclear Research),B2,E4*,,not recorded individually: off-topic (non-housing/non-liquidity) at title-abstract reading
N510,10.5281/zenodo.21341631,"The Balance-Sheet Economics of AI-Mediated Demand: Customer Acquisition, Distribution Costs, and Margin Pressure in Real Estate and Hospitality",2026,Zenodo (CERN European Organization for Nuclear Research),B1,E4*,,not recorded individually: off-topic (non-housing/non-liquidity) at title-abstract reading
N511,10.5281/zenodo.21327629,The Brazilian Housing Liquidity Index: Measuring the Ability to Transact in Brazil's Residential Market,2026,Zenodo (CERN European Organization for Nuclear Research),B3,E2,Zenodo,working paper Brazilian liquidity index (grey; note for background)
N512,10.5281/zenodo.19426859,"The Freeze Index: Transaction Volume, Multigenerational Contagion, and the Six Wallets Architecture",2026,Zenodo (CERN European Organization for Nuclear Research),B3,E2,Zenodo,working paper freeze index
N513,10.5281/zenodo.21458928,Machine Learning-Based Buyer Segmentation and Investment Profiling in Real Estate Markets,2026,Zenodo (CERN European Organization for Nuclear Research),B3,E4*,,not recorded individually: off-topic (non-housing/non-liquidity) at title-abstract reading
N514,10.5281/zenodo.20012717,"Assumable Mortgages in the U.S.: Borrower Incentives, Adoption Barriers, and Market-Level Implications",2026,Zenodo (CERN European Organization for Nuclear Research),B3,E4*,,not recorded individually: off-topic (non-housing/non-liquidity) at title-abstract reading
N515,10.5281/zenodo.18720546,ROLE OF DIGITAL BANKING IN STRENGTHENING E-TICKETINGWITH SPECIAL REFERENCE TO IRCTC,2026,Zenodo (CERN European Organization for Nuclear Research),B3,E4*,,not recorded individually: off-topic (non-housing/non-liquidity) at title-abstract reading
N516,10.5281/zenodo.19709936,Retailer's Perception Towards E-Banking in Emerging Mode of Business,2026,Zenodo (CERN European Organization for Nuclear Research),B3,E4*,,not recorded individually: off-topic (non-housing/non-liquidity) at title-abstract reading
N517,10.5281/zenodo.22813446,The Art of Negotiation in Mid- and High-End Real Estate,2026,Zenodo (CERN European Organization for Nuclear Research),B2,E4*,,not recorded individually: off-topic (non-housing/non-liquidity) at title-abstract reading
N518,10.5281/zenodo.23099098,The Global Housing Absorption Problems,2026,Zenodo (CERN European Organization for Nuclear Research),B2,E2,Zenodo,
N519,10.37776/zm.v7i2.78,"EFEK KUALITAS KONTRUKSI, PELAYANAN, DAN HARGA TERHADAP VOLUME PENJUALAN RUMAH DI PT. ADI BINTAN PERMATA BATAM",2019,Zona Manajerial Program Studi Manajemen (S1) Universitas Batam,B3,E4*,,not recorded individually: off-topic (non-housing/non-liquidity) at title-abstract reading
N520,10.15793/kspr.2004.43..009,A Study on Predicting the Business Cycle of Korean Real Estate Market by Forecasting the Individual Economic Indicator - Focusing on the Transaction Volume of Building Types and Land -,2004,,B3,E2,no,venue (thesis) KR business cycle
N521,10.25549/usctheses-m47,Water in the Freeman House: a study of the block in the textile block construction assembly as the primary route for water infiltration,2015,,B3,E4*,,not recorded individually: off-topic (non-housing/non-liquidity) at title-abstract reading
N522,10.7916/d82v2fxh,Microstructure Analysis of Dynamic Markets: Limit Order Books and Dynamic Matching Markets,2016,,B2,E2,thesis,
N523,10.13140/rg.2.2.15157.99045,A proposed new UK framework for the sizing of domestic hot and cold water systems for medium-large scale residential buildings,2017,,B3,E4*,,not recorded individually: off-topic (non-housing/non-liquidity) at title-abstract reading
N524,10.20955/r.102.51-77,The Geography of Housing Market Liquidity During the Great Recession,2020,,B3,E2,no,venue (geography of liquidity Great Recession; check if journal version exists)
N525,10.13140/rg.2.2.36718.43842,"Affordable cyclone resilient houses for fishermen village in Somolo island, Chilika, Odisha",2020,,B3,E4*,,not recorded individually: off-topic (non-housing/non-liquidity) at title-abstract reading
N526,10.37628/.v3i1.607,Understanding the Model of Human Settlement: A Case of Navi Mumbai,2020,,B3,E4*,,not recorded individually: off-topic (non-housing/non-liquidity) at title-abstract reading
N527,10.36600/janaka.v2i2.214,MANAJEMEN USAHA DAN PEMBUATAN KEMASAN SERTA LABELING HOME INDUSTRI SALE PISANG PADA USAHA KELOMPOK IBU RUMAH TANGGA DI DESA KEDUNGRINGIN KECAMATAN MUNCAR KABUPATEN BANYUWANGI,2021,,B3,E4*,,not recorded individually: off-topic (non-housing/non-liquidity) at title-abstract reading
N528,10.47260/jafb/1152,Machine Learning and Time Series Models for VNQ Market Predictions,2021,,B3,E4*,,not recorded individually: off-topic (non-housing/non-liquidity) at title-abstract reading
N529,10.35136/krer.31.4.1,"The Effects of Seller s Credit Risk, Debt Condition, and Real Estate Asset on Apartment s Asking Price",2021,,B2,I?,B,seller credit risk asking price KR (venue missing; find journal)
N530,10.29338/wp2022-11a,"The Good, the Bad, and the Ordinary: Estimating Agent Value-Added Using Real Estate Transactions",2022,,B1|B2,E2,no,venue working paper agent value-added
N531,10.52783/eel.v13i4.644,"“Influence of Gender, Education and Occupation on Stipulate of Demand for Residential Property”",2023,,B3,E4*,,not recorded individually: off-topic (non-housing/non-liquidity) at title-abstract reading
N532,10.35136/krer.34.2.2,Impact of Corporate Transaction Volume Ratio on Apartment Prices,2024,,B3,I?,C,corporate transaction volume ratio apartment prices KR (venue missing)
N533,10.37407/kres.2025.43.1.55,The Role of Certified Real Estate Agents in Seoul Apartment Market : Focusing on the Transaction Type,2025,,B3,E4,agents,transaction type (no liquidity indicator)
N534,10.31303/krear.2025.97.35,A study on the estimation method of the conversion rate for Jeonse to monthly rent using a Bayesian statistical model based on officetel actual transaction data,2025,,B3,E4*,,not recorded individually: off-topic (non-housing/non-liquidity) at title-abstract reading
N535,10.5281/zenodo.20779295,DIGITALISASI UMKM MELALUI SHOPEE : PELUANG ATAU KETERGANTUNGAN BAGI HOME INDUSTRI BRC,2026,,B3,E4*,,not recorded individually: off-topic (non-housing/non-liquidity) at title-abstract reading
N536,10.37407/kres.2026.44.3.535,A study on the Impact of Sales Rates in the Seoul Metropolitan Auction Market,2026,,B3,E1,auction,sale rates
N537,10.5194/isprs-archives-xlii-3-w10-1281-2020,EXPLORING THE IMPACT OF REAL ESTATE POLICY ON REAL ESTATE TRADING USING THE TIME SERIES ANALYSIS,2020,"The international archives of the photogrammetry, remote sensing and spatial information sciences/International archives of the photogrammetry, remote sensing and spatial information sciences",B3,E2,ISPRS,archives proceedings
N538,10.47629/2074-9201_2024_2_39_46,DELIBERATE BANKRUPTCY OF AN INDIVIDUALS AS A WAY TO INCLUDE CRIMINAL LIABILITY IN THE FIELD OF HOUSING AND COMMUNAL SERVICES,2024,Вестник Академии права и управления,B3,E4*,,not recorded individually: off-topic (non-housing/non-liquidity) at title-abstract reading
N539,10.21608/idj.2016.91989,Controlling of thermal feeling of contemporary dwelling exploiting the thermal effect emitted of different thermal environments.,2016,التصميم الدولية,B3,E4*,,not recorded individually: off-topic (non-housing/non-liquidity) at title-abstract reading
N540,10.37103/kapp.21.3.2,A Study on the Impact of the Trading Volume on Prices & Prices Volatility of Housing Market in Seoul and the Whole Country,2019,공공정책연구,B3,I,C,trading volume on prices and volatility Seoul 공공정책연구 KR
N541,10.17208/jkpa.2022.10.57.5.199,The Difference in the Relationship between Housing Price Change Perception and Outlook by Home-ownership : Who Contributes to the Co-movement between Housing Price Change and Transaction Volume?,2022,국토계획,B3,E4*,,not recorded individually: off-topic (non-housing/non-liquidity) at title-abstract reading
N542,10.17208/jkpa.2022.10.57.5.174,Impacts of Mortgage Loan Regulation for High-Price Housing on Changes in Its Price and Trading Volume,2022,국토계획,B3,I,C,mortgage regulation high-price housing price and trading volume 국토계획 KR
N543,10.15793/kspr.2009.62..006,Applications and Improvements of Real Estate Transaction Volume Statistics,2009,국토연구,B3,I,C,transaction volume statistics applications improvements 국토연구 KR
N544,10.15793/kspr.2011.69..001,Do Housing Trading Volume Explain Housing Prices or the Converse?,2011,국토연구,B3,I,C,do volumes explain prices or converse 국토연구 KR
N545,10.15793/kspr.2018.97..001,Empirical Analyses of Factors Shaping the Relationship between Housing Price and Trading Volume based on Bounded Rationality,2018,국토연구,B3,I,C,factors shaping price-volume relation 국토연구 KR
N546,10.18032/kaaba.2017.30.11.1935,The Relationship between Asymmetric Volatility and Trading Volume in the Korean Housing Market,2017,대한경영학회지,B3,I,C,asymmetric volatility and trading volume KR
N547,10.37407/kres.2022.40.4.123,Analysis of the importance of policy measures for stabilizing the housing market.,2022,대한부동산학회지,B3,E4*,,not recorded individually: off-topic (non-housing/non-liquidity) at title-abstract reading
N548,10.37407/kres.2022.40.4.63,A Study on the Impact of the 1st New Town Reorganization Announcement on Apartment Prices in Ilsan New Town,2022,대한부동산학회지,B3,E4*,,not recorded individually: off-topic (non-housing/non-liquidity) at title-abstract reading
N549,10.37407/kres.2024.42.1.211,A Study on the Causality of Housing Price and Trading by Cyclical Variation: Focused on Housing market of Seoul,2024,대한부동산학회지,B3,I,C,causality price and trading cyclical variation KR
N550,10.37407/kres.2024.43.2.161,The Effects of Land Transaction Permit Zone Designation on Apartment Sale and Jeonse Prices: A Case Study of Jamsil-dong,2025,대한부동산학회지,B3,E4*,,not recorded individually: off-topic (non-housing/non-liquidity) at title-abstract reading
N551,10.37407/kres.2026.44.1.289,A Study on the Efficiency of Housing Tax Policy in the Real Estate Market,2026,대한부동산학회지,B3,E4*,,not recorded individually: off-topic (non-housing/non-liquidity) at title-abstract reading
N552,10.31303/krear.2019.79.135,A Study on Determinants of Unsold Apartment After Completion in Changwon City - Focused on Comparisons Before and After 2016 -,2019,부동산학보,B3,E1,unsold,"new apartments (미분양, presale)"
N553,10.31303/krear.2020.83.53,A Study on the Interaction of Apartment Price and Transaction Volumein Seoul,2020,부동산학보,B3,I,C,interaction price and transaction volume Seoul 부동산학보 KR
N554,10.31303/krear.2024.94.53,A Study on the Impact of Housing Consumer Sentiment and Demographic Changes on the Housing Sales Market,2024,부동산학보,B3,I?,C,sentiment demographics housing sales market 부동산학보 KR (volume? full text)
N555,10.19172/kreaa.26.3.8,Behavioral Economic Analysis of Housing Transaction Volume,2020,부동산학연구,B3,I,C,behavioral economic analysis housing transaction volume 부동산학연구 KR
N556,10.5626/ktcp.2026.32.3.89,Real Estate News Data by Living District in Seoul Trend Analysis Research Through Topic Modeling and Sentiment Analysis: Focusing on Apartment and Non-Apartment Transaction Volume,2026,정보과학회 컴퓨팅의 실제 논문지,B3,I,D,news sentiment and transaction volume topic modeling 정보과학회 KR
