week,assign_date,due_date,person,workload,layer,tier,first_author,year,title,venue,doi,status,note,checker
W01,2026-10-12,2026-10-16,박사,full,core,C,Paul E. Carrillo,2013,To Sell or Not to Sell: Measuring the Heat of the Housing Market,Real Estate Economics,10.1111/reec.12003,I,C Carrillo2013,석사①
W01,2026-10-12,2026-10-16,박사,full,theory,T,,2014,"Search, Liquidity, and the Dynamics of House Prices and Construction",American Economic Review,10.1257/aer.104.4.1172,I,Head Lloyd-Ellis Sun,석사①
W01,2026-10-12,2026-10-16,석사①,full,core,C,D. V. van Dijk,2024,Local Constant-Quality Housing Market Liquidity Indices,Regional Science and Urban Economics,10.1016/j.regsciurbeco.2024.103997,I,C vanDijk2024,박사
W01,2026-10-12,2026-10-16,석사①,full,core,C,Carrillo P,2015,Can Tightness in the Housing Market Help Predict Subsequent Home Price Appreciation? Evidence from the United States and the Netherlands,Real Estate Economics,10.1111/1540-6229.12082,I,C Carrillo2015,박사
W01,2026-10-12,2026-10-16,석사②,full,core,A,David Genesove,1994,Equity and Time to Sale in the Real Estate Market,The American Economic Review,10.1257/aer.87.3.255,I,Genesove Mayer AER1997,학부①
W01,2026-10-12,2026-10-16,석사②,full,core,B,,2013,Asymmetric information and list-price reductions in the housing market,Regional Science and Urban Economics,10.1016/j.regsciurbeco.2013.03.001,I,de Wit van der Klaauw,학부①
W01,2026-10-12,2026-10-16,이원석,full,core,A,Jean Dubé,2016,A Spatiotemporal Solution for the Simultaneous Sale Price and Time‐on‐the‐Market Problem,Real Estate Economics,10.1111/1540-6229.12121,I,A Dube2016,학부④
W01,2026-10-12,2026-10-16,학부①,full,core,A,D. Haurin,1988,The Duration of Marketing Time of Residential Housing,Real Estate Economics,10.1111/1540-6229.00463,I,A Haurin1988,석사②
W01,2026-10-12,2026-10-16,학부②,full,core,A,Kluger B,1990,Measuring Residential Real Estate Liquidity,Real Estate Economics,10.1111/1540-6229.00514,I,A Kluger1990,학부③
W01,2026-10-12,2026-10-16,학부③,full,core,B,John R. Knight,2002,"Listing Price, Time on Market, and Ultimate Selling Price: Causes and Effects of Listing Price Changes",Real Estate Economics,10.1111/1540-6229.00038,I,B Knight2002,학부②
W01,2026-10-12,2026-10-16,학부④,full,core,A,Catherine E. Tucker,2013,Days on market and home sales,The RAND Journal of Economics,10.1111/1756-2171.12022,I,A Tucker2013,이원석
W01,2026-10-12,2026-10-16,박사,light,peripheral,B,Paul K. Asabere,1993,"Price concessions, time on the market, and the actual sale price of homes",The Journal of Real Estate Finance and Economics,10.1007/bf01097024,I,B price concessions TOM 1993,석사①
W01,2026-10-12,2026-10-16,석사①,light,peripheral,A,,1995,Bigger is not Better: Brokerage and Time on the Market,Journal of Real Estate Research,10.1080/10835547.1995.12090770,I,peripheral brokerage TOM,박사
W01,2026-10-12,2026-10-16,석사②,light,peripheral,A,G. Jud,1996,Time on the Market: The Impact of Residential Brokerage.,Journal of Real Estate Research,10.1080/10835547.1996.12090852,I,A TOM brokerage 1996,학부①
W01,2026-10-12,2026-10-16,이원석,light,peripheral,A,Wei-Fang Li,2004,The Impact of Pricing on Time-on-Market in High-Rise Multiple-Unit Residential Developments,Pacific Rim Property Research Journal,10.1080/14445921.2004.11104165,I,A pricing TOM high-rise,학부④
W01,2026-10-12,2026-10-16,학부①,light,peripheral,A/B,S. Ong,2000,Time On-market and Price Trade-offs in High-rise Housing Sub-markets,Urban Studies,10.1080/713707223,I,A/B TOM high-rise UrbanStudies2000,석사②
W01,2026-10-12,2026-10-16,학부②,light,peripheral,A,Ken H. Johnson,2001,Exterior Insulation and Finish Systems: The Effect on Residential Housing Prices and Marketing Time,Journal of Real Estate Research,10.1080/10835547.2001.12091065,I,A EIFS marketing time,학부③
W01,2026-10-12,2026-10-16,학부③,light,peripheral,A,,2001,The Impacts of Contract Type on Broker Performance,Real Estate Economics,10.1111/1080-8620.00016,I,peripheral broker contract TOM,학부②
W01,2026-10-12,2026-10-16,학부④,light,peripheral,A,Ken H. Johnson,2004,Salesperson Bonuses and Their Impact on Residential Property Price and Time on Market,Journal of Real Estate Practice and Education,10.1080/10835547.2004.12091605,I,A salesperson bonuses TOM,이원석
W02,2026-10-19,2026-10-23,박사,full,theory,T,B. Jerez,2009,"House Prices, Sales and Time on the Market: A Search-Theoretic Framework",International Economic Review,10.1111/iere.12019,I,theory DiazJerez IER,석사①
W02,2026-10-19,2026-10-23,박사,full,core,C,,2014,Hot and Cold Seasons in the Housing Market,American Economic Review,10.1257/aer.104.12.3991,I,Ngai Tenreyro,석사①
W02,2026-10-19,2026-10-23,석사①,full,core,A,Darren K. Hayunga,2019,The Impact of TOM on Prices in the US Housing Market,The Journal of Real Estate Finance and Economics,10.1007/s11146-018-9657-0,I,A HayungaPace2019,박사
W02,2026-10-19,2026-10-23,석사①,full,core,B/D,,2017,A More Timely House Price Index,Review of Economics and Statistics,10.1162/rest_a_00634,I,Anenberg Laufer list-price index,박사
W02,2026-10-19,2026-10-23,석사②,full,theory,A/T,,2012,Search and matching in the housing market,Journal of Urban Economics,10.1016/j.jue.2012.01.002,I,Genesove Han,학부①
W02,2026-10-19,2026-10-23,석사②,full,core,A,Justin D. Benefield,2011,"On the Relationship Between Property Price, Time-on-Market, and Photo Depictions in a Multiple Listing Service",The Journal of Real Estate Finance and Economics,10.1007/s11146-009-9219-6,I,A Benefield2011,학부①
W02,2026-10-19,2026-10-23,이원석,full,core,D,van Dijk D,2017,"Internet Search Behavior, Liquidity and Prices in the Housing Market",Real Estate Economics,10.1111/1540-6229.12187,I,D vanDijkFrancke2017,학부④
W02,2026-10-19,2026-10-23,학부①,full,core,A,Michel Glower,1998,Selling Time and Selling Price: The Influence of Seller Motivation,Real Estate Economics,10.1111/1540-6229.00763,I,A Glower1998,석사②
W02,2026-10-19,2026-10-23,학부②,full,core,B,P. Anglin,2001,The Trade-off Between the Selling Price of Residential Properties and Time-on-the-Market: The Impact of Price Setting,The Journal of Real Estate Finance and Economics,10.1023/a:1021526332732,I,B Anglin2003,학부③
W02,2026-10-19,2026-10-23,학부③,full,core,A,Zhiyong An,2013,How do market conditions impact price-TOM relationship? Evidence from real estate owned (REO) sales,Journal of Housing Economics,10.1016/j.jhe.2013.07.003,I,A price-TOM REO,학부②
W02,2026-10-19,2026-10-23,학부④,full,core,C,,2012,Integrating Real Estate Market Conditions into Home Price Forecasting Systems,Journal of Housing Research,10.1080/10835547.2012.12092059,I,Miller Sklarz lead indicators,이원석
W02,2026-10-19,2026-10-23,박사,light,peripheral,B,M. Allen,2004,The Impact of Range Pricing on Marketing Time and Transaction Price: A Better Mousetrap for the Existing Home Market?,The Journal of Real Estate Finance and Economics,10.1007/s11146-005-0994-4,I,B range pricing,석사①
W02,2026-10-19,2026-10-23,석사①,light,peripheral,A,,2005,Conflicts between principals and agents: evidence from residential brokerage,Journal of Financial Economics,10.1016/j.jfineco.2004.06.006,I,agent-owned TOM,박사
W02,2026-10-19,2026-10-23,석사②,light,peripheral,A/B,S. Salter,2007,"Off-Dollar Pricing, Residential Property Prices, and Marketing Time",Journal of Housing Research,10.1080/10835547.2007.12091974,I,A/B off-dollar pricing marketing time,학부①
W02,2026-10-19,2026-10-23,이원석,light,peripheral,A,Qiulin Ke,2009,Sole agency vs multi‐agency: an investigation of agency practice across England and Wales,Property Management,10.1108/02637470910979998,I?,sole vs multi agency practice England (sale time outcome? Property Management; full text) [peri],학부④
W02,2026-10-19,2026-10-23,학부①,light,peripheral,A,Velma Zahirovic-Herbert,2008,"School Quality, House Prices and Liquidity",The Journal of Real Estate Finance and Economics,10.1007/s11146-007-9081-3,I,A school quality liquidity,석사②
W02,2026-10-19,2026-10-23,학부②,light,peripheral,A,,2008,Market Distortions When Agents Are Better Informed: The Value of Information in Real Estate Transactions,Review of Economics and Statistics,10.1162/rest.90.4.599,I,agent-owned TOM price,학부③
W02,2026-10-19,2026-10-23,학부③,light,peripheral,A,Justin D. Benefield,2009,"Neighborhood amenity packages, property price, and marketing time",Property Management,10.1108/02637470910998483,I,A amenity packages marketing time,학부②
W02,2026-10-19,2026-10-23,학부④,light,peripheral,A,T. Clauretie,2009,Estimating the House Foreclosure Discount Corrected for Spatial Price Interdependence and Endogeneity of Marketing Time,Real Estate Economics,10.1111/j.1540-6229.2009.00234.x,I,A foreclosure discount marketing time,이원석
W03,2026-10-26,2026-10-30,박사,full,theory,T,,1999,Time-on-the-Market as a Sign of Quality,Review of Economic Studies,10.1111/1467-937x.00098,I,TOM signal theory,석사①
W03,2026-10-26,2026-10-30,박사,full,theory,T,,2012,An Empirical Stationary Equilibrium Search Model of the Housing Market,International Economic Review,10.1111/j.1468-2354.2011.00677.x,I,Carrillo 2012,석사①
W03,2026-10-26,2026-10-30,석사①,full,core,B/C,,2006,Estimating House Price Indexes in the Presence of Seller Reservation Prices,Review of Economics and Statistics,10.1162/003465306775565783,I,Goetzmann Peng selection,박사
W03,2026-10-26,2026-10-30,석사①,full,core,C,,2024,Volatility in Home Sales and Prices: Supply or Demand?,Journal of Urban Economics,10.1016/j.jue.2023.103610,I,Anenberg Ringo,박사
W03,2026-10-26,2026-10-30,석사②,full,core,B,,2004,Bargaining over residential real estate: evidence from England,Journal of Urban Economics,10.1016/j.jue.2004.05.004,I,list price changes bargaining,학부①
W03,2026-10-26,2026-10-30,석사②,full,core,A/B,,2006,"Offer price, transaction price and time-on-market",Property Management,10.1108/02637470610671631,I,,학부①
W03,2026-10-26,2026-10-30,이원석,full,core,D,Godinho F,2026,House hunting high and low: Constructing a Housing Search Index for Portugal,Journal of Housing Economics,10.1016/j.jhe.2026.102163,I,D,학부④
W03,2026-10-26,2026-10-30,학부①,full,core,A,Fred Forgey,1996,Search and Liquidity in Single-Family Housing,Real Estate Economics,10.1111/1540-6229.00691,I,A Forgey1996,석사②
W03,2026-10-26,2026-10-30,학부②,full,core,B,,2019,Listing strategies and housing busts: Cutting loss or cutting list price?,Journal of Housing Economics,10.1016/j.jhe.2018.09.006,I,Liu van der Vlist,학부③
W03,2026-10-26,2026-10-30,학부③,full,peripheral,A,,2025,"Selling price, time on the market, and contractual contingencies",Journal of Housing Economics,10.1016/j.jhe.2025.102062,I,Lin Seiler Siebert,학부②
W03,2026-10-26,2026-10-30,학부④,full,core,D,,2013,Forecasting Residential Real Estate Price Changes from Online Search Activity,Journal of Real Estate Research,10.1080/10835547.2013.12091364,I,Beracha Wintoki,이원석
W03,2026-10-26,2026-10-30,박사,light,peripheral,A,Turnbull G,2010,"Why Do Vacant Houses Sell for Less: Holding Costs, Bargaining Power or Stigma?",Real Estate Economics,10.1111/j.1540-6229.2010.00285.x,I,A vacant houses liquidity,석사①
W03,2026-10-26,2026-10-30,석사①,light,peripheral,A,Turnbull G,2010,The Transitory and Legacy Effects of the Rental Externality on House Price and Liquidity,The Journal of Real Estate Finance and Economics,10.1007/s11146-010-9235-6,I,A rental externality liquidity,박사
W03,2026-10-26,2026-10-30,석사②,light,peripheral,A,Justin D. Benefield,2011,"Sale Price, Marketing Time, and Limited Service Listings: The Influence of Home Value and Market Conditions",Journal of Real Estate Research,10.1080/10835547.2011.12091320,I,A limited service listings,학부①
W03,2026-10-26,2026-10-30,이원석,light,peripheral,A,,2012,Explaining the Pace of Foreclosed Home Sales during the US Foreclosure Crisis: Evidence from Atlanta,Housing Studies,10.1080/02673037.2012.728576,I,pace of foreclosed sales,학부④
W03,2026-10-26,2026-10-30,학부①,light,peripheral,A,Rutherford R,2012,Discount Brokerage in Residential Real Estate Markets,Real Estate Economics,10.1111/j.1540-6229.2011.00319.x,I,A discount brokerage liquidity,석사②
W03,2026-10-26,2026-10-30,학부②,light,peripheral,A,Jun Chen,2012,Quality & Time-on-the-Market in Residential Markets,The Journal of Real Estate Finance and Economics,10.1007/s11146-010-9237-4,I,A quality TOM,학부③
W03,2026-10-26,2026-10-30,학부③,light,peripheral,A,Justin D. Benefield,2012,The Effects of Estate Sales of Residential Real Estate on Price and Marketing Time,The Journal of Real Estate Finance and Economics,10.1007/s11146-011-9301-8,I,A estate sales marketing time,학부②
W03,2026-10-26,2026-10-30,학부④,light,peripheral,A,M. Allen,2012,"Technology in Residential Brokerage: Showing Appointment Scheduling Services, Property Prices, and Marketing Times",Journal of Real Estate Practice and Education,10.1080/10835547.2012.12091701,I,showing appointment technology JREPE2012,이원석
W04,2026-11-02,2026-11-06,박사,full,theory,T,,2016,Illiquidity and its discontents: Trading delays and foreclosures in the housing market,Journal of Monetary Economics,10.1016/j.jmoneco.2016.08.005,I,,석사①
W04,2026-11-02,2026-11-06,박사,full,theory,T,,2016,"The cyclical dynamics of illiquid housing, debt, and foreclosures",Quantitative Economics,10.3982/qe483,I,Hedlund,석사①
W04,2026-11-02,2026-11-06,석사①,full,core,C,,2026,Why Is Intermediating Houses So Difficult? Evidence from iBuyers,Journal of Political Economy,10.1086/742710,I,Buchak et al. (journal version of SSRN R615),박사
W04,2026-11-02,2026-11-06,석사①,full,core,A/C,Moore J,1987,An Investigation of the Major Influences of Residential Liquidity: A Multivariate Approach,Real Estate Economics,10.1111/1540-6229.00410,I,A/C residential liquidity 1987,박사
W04,2026-11-02,2026-11-06,석사②,full,core,B,,2008,Evidence of Buyer Bargaining Power in the Stockholm Residential Real Estate Market,Journal of Real Estate Research,10.1080/10835547.2008.12091227,I,,학부①
W04,2026-11-02,2026-11-06,석사②,full,core,B,,2010,List price and sale price variation across the housing market cycle,International Journal of Housing Markets and Analysis,10.1108/17538271011049731,I,,학부①
W04,2026-11-02,2026-11-06,이원석,full,core,A,,2009,The Relative Performance of Real Estate Marketing Platforms: MLS versus FSBOMadison.com,American Economic Review,10.1257/aer.99.5.1878,I,FSBO vs MLS TOM,학부④
W04,2026-11-02,2026-11-06,학부①,full,core,A,Ken H. Johnson,2007,The Probability of Sale for Residential Real Estate,Journal of Housing Research,10.1080/10835547.2007.12091978,I,A,석사②
W04,2026-11-02,2026-11-06,학부②,full,core,A,O. Filippova,2014,"Market Conditions, Marketing Time, and House Prices",Journal of Housing Research,10.1080/10835547.2013.12092086,I,A,학부③
W04,2026-11-02,2026-11-06,학부③,full,core,A/C,Ekaterina Chernobai,2019,Liquidity Imbalance in the Residential Real Estate Market,Journal of Housing Research,10.1080/10527001.2020.1776513,I,A/C,학부②
W04,2026-11-02,2026-11-06,학부④,full,core,A,,2006,Submarket Dynamics of Time to Sale,Real Estate Economics,10.1111/j.1540-6229.2006.00171.x,I,Pryce Gibb 2006,이원석
W04,2026-11-02,2026-11-06,박사,light,peripheral,A,B. Douglas Bernheim,2012,DO REAL ESTATE BROKERS ADD VALUE WHEN LISTING SERVICES ARE UNBUNDLED?,Economic Inquiry,10.1111/j.1465-7295.2012.00473.x,I,brokers unbundled listing services timing of sales,석사①
W04,2026-11-02,2026-11-06,석사①,light,peripheral,A,Benefield J,2013,"Ease-of-Access, Home Prices, and Marketing Times: The Choice of Lockbox Type",Journal of Housing Research,10.1080/10835547.2013.12092074,I,A,박사
W04,2026-11-02,2026-11-06,석사②,light,peripheral,A,Geoffrey K. Turnbull,2013,Flooding and Liquidity on the Bayou: The Capitalization of Flood Risk into House Value and Ease-of-Sale,Real Estate Economics,10.1111/j.1540-6229.2012.00338.x,I,A flooding liquidity,학부①
W04,2026-11-02,2026-11-06,이원석,light,peripheral,A,,2015,Effects of Real Estate Brokers' Marketing Strategies: Public Open Houses and MLS Virtual Tours,Journal of Real Estate Research,10.1080/10835547.2015.12091422,I,peripheral broker marketing TOM,학부④
W04,2026-11-02,2026-11-06,학부①,light,peripheral,C,Daniel T. Winkler,2013,The Effect of the BP Oil Spill on Volume and Selling Prices of Oceanfront Condominiums,Land Economics,10.3368/le.89.4.614,I,BP oil spill sales volume prices condos Land Economics [peri],석사②
W04,2026-11-02,2026-11-06,학부②,light,peripheral,A,Scott A. Wentland,2014,Estimating the Effect of Crime Risk on Property Values and Time on Market: Evidence from Megan’s Law in Virginia,Real Estate Economics,10.1111/1540-6229.12028,I,A crime risk TOM,학부③
W04,2026-11-02,2026-11-06,학부③,light,peripheral,A,Munneke H,2014,"Real Estate Agents, House Prices, and Liquidity",The Journal of Real Estate Finance and Economics,10.1007/s11146-013-9452-x,I,A agents prices liquidity,학부②
W04,2026-11-02,2026-11-06,학부④,light,peripheral,A,Winkler D,2015,Seller - Paid Concessions from 2004 to 2012: Implications for House Selling Price and Days on the Market,Journal of Real Estate Research,10.1080/10835547.2015.12091428,I,A seller concessions DOM,이원석
W05,2026-11-09,2026-11-13,박사,full,theory,T,,2016,Directed search in the housing market,Review of Economic Dynamics,10.1016/j.red.2015.05.002,I,,석사①
W05,2026-11-09,2026-11-13,박사,full,theory,T,,2019,The cyclical behavior of the Beveridge Curve in the housing market,Journal of Economic Theory,10.1016/j.jet.2019.03.003,I,,석사①
W05,2026-11-09,2026-11-13,석사①,full,core,C,G. Jud,1995,Price spreads and residential housing market liquidity,The Journal of Real Estate Finance and Economics,10.1007/bf01099111,I,C price spreads liquidity 1995,박사
W05,2026-11-09,2026-11-13,석사①,full,core,C,,1995,Incorporating the Number of Existing Home Sales into a Structural Model of the Market for Owner-Occupied Housing,Journal of Housing Economics,10.1006/jhec.1995.1005,I,,박사
W05,2026-11-09,2026-11-13,석사②,full,core,B,,2018,House Price Momentum and Strategic Complementarity,Journal of Political Economy,10.1086/697207,I,Guren list price momentum,학부①
W05,2026-11-09,2026-11-13,석사②,full,core,B,,2022,Reference Dependence in the Housing Market,American Economic Review,10.1257/aer.20191766,I,listing decisions reference points (journal version of SSRN R611),학부①
W05,2026-11-09,2026-11-13,이원석,full,core,A,R. Kalra,1997,Time on market and sales price of residential housing: A note,Journal of Economics and Finance,10.1007/bf02920764,I,A TOM sales price note 1997,학부④
W05,2026-11-09,2026-11-13,학부①,full,core,A,,2015,Does Time-on-Market Measurement Matter?,The Journal of Real Estate Finance and Economics,10.1007/s11146-013-9450-z,I,Benefield Hardin measurement,석사②
W05,2026-11-09,2026-11-13,학부②,full,core,D/A,,2020,Segmented Housing Search,American Economic Review,10.1257/aer.20141772,I,Piazzesi Schneider Stroebel,학부③
W05,2026-11-09,2026-11-13,학부③,full,core,A,J. E. Larsen,1989,Non Uniform Percentage Brokerage Commissions and Real Estate Market Performance,Real Estate Economics,10.1111/1540-6229.00501,I,A commissions market duration 1989,학부②
W05,2026-11-09,2026-11-13,학부④,full,core,A,,1989,"Selling price, financing premiums, and days on the market",The Journal of Real Estate Finance and Economics,10.1007/bf00152349,I,,이원석
W05,2026-11-09,2026-11-13,박사,light,peripheral,C,HyunWook Ryu,2015,A study on the information effect of property market,Journal of the Korea Academia-Industrial cooperation Society,10.5762/kais.2015.16.11.7672,I?,information effect property market KR (volume-price dynamics; full text) [peri],석사①
W05,2026-11-09,2026-11-13,석사①,light,peripheral,A,Mary Ann Stamsø,2015,Selling a house and the decision to use a real estate broker in Norway,Property Management,10.1108/pm-01-2014-0006,I?,FSBO vs broker Norway (sale time? Property Management; full text) [peri],박사
W05,2026-11-09,2026-11-13,석사②,light,peripheral,B/C,I. Tsai,2017,The Price Concessions of High- and Low-Priced Housing in a Period of Financial Crisis,Quantitative Finance and Economics,10.3934/qfe.2017.1.94,I,price concessions high-low priced Taiwan QFE2017,학부①
W05,2026-11-09,2026-11-13,이원석,light,peripheral,A,E. Aydın,2019,Energy performance certification and time on the market,Journal of Environmental Economics and Management,10.1016/j.jeem.2019.102270,I,A EPC TOM JEEM,학부④
W05,2026-11-09,2026-11-13,학부①,light,peripheral,A,,2017,Do hurricanes matter?,International Journal of Housing Markets and Analysis,10.1108/ijhma-06-2016-0045,I,peripheral hurricanes TOM (full text),석사②
W05,2026-11-09,2026-11-13,학부②,light,peripheral,A,Jessica,2018,Limited Service Brokerage: Positive Broker Intermediation?,Journal of Real Estate Research,10.1080/10835547.2018.12091512,I,A limited service brokerage TOM,학부③
W05,2026-11-09,2026-11-13,학부③,light,peripheral,A,Cong Liang,2018,Time on market (TOM): The impact of new residential stamp duty,Physica A: Statistical Mechanics and its Applications,10.1016/j.physa.2018.08.126,I,A TOM stamp duty,학부②
W05,2026-11-09,2026-11-13,학부④,light,peripheral,C,Jong Man Heo,2018,The Effect of Interest Rates on Housing Market,Journal of Real Estate Analysis,10.30902/jrea.2018.4.1.55,I?,interest rates housing market VAR KR (volume var? full text) [peri],이원석
W06,2026-11-16,2026-11-20,박사,full,theory,T,,2020,"Mortgage Debt, Consumption, and Illiquid Housing Markets in the Great Recession",American Economic Review,10.1257/aer.20170772,I,Garriga Hedlund,석사①
W06,2026-11-16,2026-11-20,박사,full,theory,T,,2021,Search and credit frictions in the housing market,European Economic Review,10.1016/j.euroecorev.2021.103699,I,Gabrovski Ortego-Marti,석사①
W06,2026-11-16,2026-11-20,석사①,full,core,C,,1996,Forecasting Connecticut home sales in a BVAR framework using coincident and leading indexes,The Journal of Real Estate Finance and Economics,10.1007/bf00217392,I,home sales forecasting,박사
W06,2026-11-16,2026-11-20,석사①,full,core,C,,1999,Using Leading Indicators to Forecast U.S. Home Sales in a Bayesian Vector Autoregressive Framework,The Journal of Real Estate Finance and Economics,10.1023/a:1007718725609,I,home sales forecasting,박사
W06,2026-11-16,2026-11-20,석사②,full,core,A/B,,1988,Qualitative Response Estimations of the Selling Behaviour in the Swedish Market for Owner-Occupied Houses,Urban Studies,10.1080/00420988820080071,I,,학부①
W06,2026-11-16,2026-11-20,석사②,full,core,B,Joël L. Horowitz,1992,The role of the list price in housing markets: Theory and an econometric model,Journal of Applied Econometrics,10.1002/jae.3950070202,I,role of list price Horowitz 1992,학부①
W06,2026-11-16,2026-11-20,이원석,full,core,A,Ping Cheng,2008,A Model of Time-on-Market and Real Estate Price Under Sequential Search with Recall,Real Estate Economics,10.1111/j.1540-6229.2008.00231.x,I,A Cheng2008,학부④
W06,2026-11-16,2026-11-20,학부①,full,core,A,Ju-Chin Huang,2001,"Environmental Conditions, Reservation Prices, and Time on the Market for Housing",The Journal of Real Estate Finance and Economics,10.1023/a:1007891430162,I,A environmental TOM 2001,석사②
W06,2026-11-16,2026-11-20,학부②,full,core,A,,2003,TOM: Why isn't Price Enough?,International Real Estate Review,10.2139/ssrn.406101,I,"IRER 2003; DOI is SSRN mirror, replace with IRER record",학부③
W06,2026-11-16,2026-11-20,학부③,full,core,A,Tae-Kyung Kim,2003,Exploring Spatial Effects on Urban Housing Duration,Environment and Planning A Economy and Space,10.1068/a35170,I,spatial effects housing duration,학부②
W06,2026-11-16,2026-11-20,학부④,full,core,A,T. Clauretie,2007,The Effect of Time-on-Market and Location on Search Costs and Anchoring: The Case of Single-Family Properties,The Journal of Real Estate Finance and Economics,10.1007/s11146-007-9034-x,I,A TOM location anchoring,이원석
W06,2026-11-16,2026-11-20,박사,light,peripheral,A,Xun Bian,2019,Foreclosure Externalities and Home Liquidity,Real Estate Economics,10.1111/1540-6229.12301,I,A foreclosure externalities liquidity,석사①
W06,2026-11-16,2026-11-20,석사①,light,peripheral,C,Sun-Ok Min,2019,Korean Housing Market Dynamics: A VAR Analysis with Sign Restrictions,Journal of Real Estate Analysis,10.30902/jrea.2019.5.1.1,I?,Korean housing dynamics sign-restricted VAR (transaction volume var? full text) KR [peri],박사
W06,2026-11-16,2026-11-20,석사②,light,peripheral,C,Yun Kyung Oh,2019,A Study on the Characteristics of Residential Preference Area according to Apartment Price and Trading Volume in Busan,Residential Environment Institute Of Korea,10.22313/reik.2019.17.1.187,I?,residential preference area price and trading volume Busan KR (full text) [peri],학부①
W06,2026-11-16,2026-11-20,이원석,light,peripheral,A,Wei Yu,2020,The Effect of Virtual Tours on House Price and Time on Market,Journal of Real Estate Litterature,10.1080/09277544.2021.1876433,I,A virtual tours TOM,학부④
W06,2026-11-16,2026-11-20,학부①,light,peripheral,A,Timothy M. Komarek,2020,Waiting after the storm: the effect of flooding on time on the housing market in coastal Virginia,Applied Economics Letters,10.1080/13504851.2019.1616047,I,A flooding TOM,석사②
W06,2026-11-16,2026-11-20,학부②,light,peripheral,A,M. Castelli,2020,Predicting Days on Market to Optimize Real Estate Sales Strategy,Complex,10.1155/2020/4603190,I,A DOM prediction Bulgaria,학부③
W06,2026-11-16,2026-11-20,학부③,light,peripheral,A,Bruce L. Gordon,2020,The Omission of House Age in MLS Database Listings: The Effect on Selling Price and Time on Market,Journal of Housing Research,10.1080/10527001.2020.1846355,I,A,학부②
W06,2026-11-16,2026-11-20,학부④,light,peripheral,A,K. Goodwin,2020,Restrictions versus amenities: the differential impact of home owners associations on property marketability,Journal of Property Research,10.1080/09599916.2020.1740765,I,A HOA marketability,이원석
W07,2026-11-23,2026-11-27,박사,full,theory,T,Read C,1988,Price Strategies for Idiosyncratic Goods—The Case of Housing,Real Estate Economics,10.1111/1540-6229.00462,I,theory reservation price revision 1988,석사①
W07,2026-11-23,2026-11-27,박사,full,theory,T,Yavaş A,1992,A Simple Search and Bargaining Model of Real Estate Markets,Real Estate Economics,10.1111/1540-6229.00595,I,search bargaining brokers model REE1992,석사①
W07,2026-11-23,2026-11-27,석사①,full,core,C,Leung C,2002,Testing Alternative Theories of the Property Price-Trading Volume Correlation,Journal of Real Estate Research,10.1080/10835547.2002.12091081,I,C price-volume theories,박사
W07,2026-11-23,2026-11-27,석사①,full,core,C,HO M,2003,Liquidity and Price Differentials: Evidence in the Hong Kong Residential Re-sale Market,Housing Studies,10.1080/02673030304256,I,C liquidity price differentials HK,박사
W07,2026-11-23,2026-11-27,석사②,full,core,A/B,,1993,Mispricing and Optimal Time on the Market,Journal of Real Estate Research,10.1080/10835547.1993.12090697,I,,학부①
W07,2026-11-23,2026-11-27,석사②,full,core,B,,1994,List price signaling and buyer behavior in the housing market,The Journal of Real Estate Finance and Economics,10.1007/bf01099271,I,,학부①
W07,2026-11-23,2026-11-27,이원석,full,core,A,Jo-Hui Chen,2010,The effect of time on market and location in the housing market: A case study in taoyuan metropolitan area,Asia-Pacific Management Review,10.6126/apmr.2010.15.2.04,I,A TOM Taoyuan,학부④
W07,2026-11-23,2026-11-27,학부①,full,core,A,Ken H. Johnson,2009,Architectural Review Boards and Their Impact on Property Price and Time-on-Market,Journal of Housing Research,10.1080/10835547.2009.12091999,I,A,석사②
W07,2026-11-23,2026-11-27,학부②,full,core,A,Brent C Smith,2009,Spatial Heterogeneity in Listing Duration: The Influence of Relative Location to Marketability,Journal of Housing Research,10.1080/10835547.2009.12092005,I,A,학부③
W07,2026-11-23,2026-11-27,학부③,full,core,A,Bin-Kang Han,2009,Selling Price and Marketing Time in the Residential Real Estate Market,Journal of Real Estate Research,10.1080/10835547.1989.12090570,I,A,학부②
W07,2026-11-23,2026-11-27,학부④,full,core,A,S. McGreal,2009,Pricing and Time on the Market for Residential Properties in a Major U.K. City,Real Estate,10.1080/10835547.2009.12091239,I,pricing TOM UK city JRER2009,이원석
W07,2026-11-23,2026-11-27,박사,light,peripheral,A,Samer BuHamdan,2021,The influence of design-related features on houses time-on-market: a statistical analysis,International Journal of Housing Markets and Analysis,10.1108/ijhma-05-2021-0062,I,A design features TOM,석사①
W07,2026-11-23,2026-11-27,석사①,light,peripheral,A,Bruce L. Gordon,2021,Selling Prices and Time on the Market of Houses Sold through Relocation Management Companies,Journal of Housing Research,10.1080/10527001.2021.2003504,I,A,박사
W07,2026-11-23,2026-11-27,석사②,light,peripheral,A,Heather R. Bono,2021,Do As I Say and As I Do: Revisiting Price and Time-on-Market for Agent-Owned Properties,Journal of Housing Research,10.1080/10527001.2021.1985361,I,A,학부①
W07,2026-11-23,2026-11-27,이원석,light,peripheral,C,Zeynep Çolak,2021,Analysis of Factors Affecting Housing Sales in Turkey,Journal of Yaşar University,10.19168/jyasar.796275,I?,"factors affecting housing sales Turkey (venue check: Yaşar Univ J, low-tier) [peri]",학부④
W07,2026-11-23,2026-11-27,학부①,light,peripheral,A,D. T. Pham,2021,Sex and Selling: Agent Gender and Bargaining Power in the Resale Housing Market,Journal of real estate finance and economics,10.1007/s11146-020-09811-3,I,A agent gender selling time,석사②
W07,2026-11-23,2026-11-27,학부②,light,peripheral,A/C,Nicholas B. Irwin,2021,Price and Liquidity Dynamics for Single and Multi-Family Homes during Housing Market Shocks,Journal of real estate finance and economics,10.1007/s11146-021-09846-0,I,A/C,학부③
W07,2026-11-23,2026-11-27,학부③,light,peripheral,A/C,Irwin N,2021,Days and Confused: Housing Price and Liquidity Response to New Local Public Schools,Journal of Real Estate Research,10.1080/08965803.2021.1882789,I,A/C schools liquidity,학부②
W07,2026-11-23,2026-11-27,학부④,light,peripheral,C,,2021,Neighborhood Institutions and Residential Home Sales: Evaluating the Impact of Property Tax Exemptions,The Journal of Real Estate Finance and Economics,10.1007/s11146-020-09808-y,I,peripheral home sales (full text),이원석
W08,2026-11-30,2026-12-04,박사,full,theory,T,Cauley S,1994,Contigent Price Contracts and the Efficiency of Housing Markets,Real Estate Economics,10.1111/1540-6229.00650,I,theory/C contingent contracts liquidity 1994,석사①
W08,2026-11-30,2026-12-04,박사,full,theory,T,Jeremy C. Stein,1995,Prices and Trading Volume in the Housing Market: A Model with Down-Payment Effects,Quarterly Journal of Economics,10.2307/2118444,I,theory Stein1995 volume,석사①
W08,2026-11-30,2026-12-04,석사①,full,core,C,Lum S,2004,Upgrading programme in public housing: an assessment of price and liquidity enhancements,Journal of Property Research,10.1080/0959991042000328829,I,C public housing resale price liquidity,박사
W08,2026-11-30,2026-12-04,석사①,full,core,C,Falk B,2004,The Inventory–Sales Relationship in the Market for New Single‐Family Homes,Real Estate Economics,10.1111/j.1080-8620.2004.00106.x,I,C inventory-sales new homes,박사
W08,2026-11-30,2026-12-04,석사②,full,core,B,Abdullah Yavas,1995,The Strategic Role of Listing Price in Marketing Real Estate: Theory and Evidence,Real Estate Economics,10.1111/1540-6229.00668,I,B strategic listing price 1995,학부①
W08,2026-11-30,2026-12-04,석사②,full,core,B,Song S,1995,Determinants of Bargaining Outcome in Single-family Housing Transactions: An Empirical Examination,Urban Studies,10.1080/00420989550012997,I,B bargaining outcome single-family,학부①
W08,2026-11-30,2026-12-04,이원석,full,core,A,,2009,"The Influence of Contingent Closing Costs on Sale Price, Time on Market, and Probability of Sale",Journal of Housing Research,10.1080/10835547.2009.12092008,I,,학부④
W08,2026-11-30,2026-12-04,학부①,full,core,A,Bennie D. Waller,2010,Listing Contract Length and Time on Market,Journal of Real Estate Research,10.1080/10835547.2010.12091285,I,A listing contract length TOM,석사②
W08,2026-11-30,2026-12-04,학부②,full,core,A,R. Kalra,1994,"Censored Sample Bias, Macroeconomic Factors, and Time on Market of Residential Housing",Journal of Real Estate Research,10.1080/10835547.1994.12090750,I,A censored TOM 1994,학부③
W08,2026-11-30,2026-12-04,학부③,full,core,A,T. Springer,1996,"Single-family housing transactions: Seller motivations, price, and marketing time",The Journal of Real Estate Finance and Economics,10.1007/bf00217393,I,A seller motivations 1996,학부②
W08,2026-11-30,2026-12-04,학부④,full,core,A/D,,1999,Buyer Search Intensity and the Role of the Residential Real Estate Broker,The Journal of Real Estate Finance and Economics,10.1023/a:1007737102125,I,buyer search intensity (full text),이원석
W08,2026-11-30,2026-12-04,박사,light,peripheral,C,Paul Michael Greenhalgh,2021,Does the Diversity of New Build Housing Type and Tenure Have a Positive Influence on Residential Absorption Rates? An Investigation of Housing Completion Rates in Leeds City Region,Planning Practice and Research,10.1080/02697459.2020.1859776,I?,absorption rates new build diversity (new-build only; Planning Practice & Research) [peri],석사①
W08,2026-11-30,2026-12-04,석사①,light,peripheral,B,Sung Ho Choi,2021,"The Effects of Seller s Credit Risk, Debt Condition, and Real Estate Asset on Apartment s Asking Price",부동산학연구 (Korea Real Estate Review),10.35136/krer.31.4.1,I?,seller credit risk asking price KR (venue missing; find journal) [peri],박사
W08,2026-11-30,2026-12-04,석사②,light,peripheral,A,Nicholas B. Irwin,2022,Time is money: Water quality's impact on home liquidity and property values,Ecological Economics,10.1016/j.ecolecon.2022.107482,I,A water quality home liquidity,학부①
W08,2026-11-30,2026-12-04,이원석,light,peripheral,A,J. Montalvo,2022,A comparison of banks and real estate intermediaries as house sellers,Journal of Housing and the Built Environment,10.1007/s10901-022-09994-6,I,A banks vs intermediaries sellers,학부④
W08,2026-11-30,2026-12-04,학부①,light,peripheral,A,Chuyi Xiong,2022,The effect of virtual reality on the marketing of residential property,Housing Studies,10.1080/02673037.2022.2074971,I,A VR marketing residential (TOM outcome),석사②
W08,2026-11-30,2026-12-04,학부②,light,peripheral,B,Seow Eng Ong,2022,The Effects of Visual Technology on Price Discovery for Residential Listings and Transactions,International Journal of Housing Markets and Analysis,10.1108/ijhma-07-2022-0099,I,B visual tech price discovery listings,학부③
W08,2026-11-30,2026-12-04,학부③,light,peripheral,C,Can Dogan,2022,Short-run effects of hurricanes on the housing markets: evidence from Florida,International Journal of Housing Markets and Analysis,10.1108/ijhma-02-2022-0024,I?,hurricanes short-run housing markets (full text to confirm indicator),학부②
W08,2026-11-30,2026-12-04,학부④,light,peripheral,C,I. Tsai,2022,"Effect of COVID-19 lockdowns on city-center and suburban housing markets: Evidence from Hangzhou, China",Journal of Asian Economics,10.1016/j.asieco.2022.101544,I?,COVID lockdown Hangzhou (full text),이원석
W09,2026-12-07,2026-12-11,박사,full,theory,T,Krainer J,2001,A Theory of Liquidity in Residential Real Estate Markets,Journal of Urban Economics,10.1006/juec.2000.2180,I,theory Krainer2001,석사①
W09,2026-12-07,2026-12-11,박사,full,theory,C/T,Shunichi Maekawa,2004,Efficiency of Housing Market,The Japanese Journal of Real Estate Sciences,10.5736/jares1985.18.22,I?,efficiency housing market JP (full text; volume? ),석사①
W09,2026-12-07,2026-12-11,석사①,full,core,C,Hirayama Y,2005,Running hot and cold in the urban home-ownership market: The experience of Japan?s major cities,Journal of Housing and the Built Environment,10.1007/s10901-005-6762-1,I,C hot cold Japan,박사
W09,2026-12-07,2026-12-11,석사①,full,core,C,Zhenguo Lin,2007,Illiquidity and Pricing Biases in the Real Estate Market,Real Estate Economics,10.1111/j.1540-6229.2007.00191.x,I,C LinVandell2007,박사
W09,2026-12-07,2026-12-11,석사②,full,core,B,Black R,1996,The use of information versus asking price in the real property negotiation process,Journal of Property Research,10.1080/095999196368808,I,B asking price negotiation,학부①
W09,2026-12-07,2026-12-11,석사②,full,core,B,Arnold M,1999,"Search, Bargaining and Optimal Asking Prices",Real Estate Economics,10.1111/1540-6229.00780,I,B theory optimal asking prices 1999,학부①
W09,2026-12-07,2026-12-11,이원석,full,core,A,O. Filippova,2011,"Time-On-Market and House Prices in Auckland, New Zealand",Pacific Rim Property Research Journal,10.1080/14445921.2011.11104318,I,A TOM Auckland,학부④
W09,2026-12-07,2026-12-11,학부①,full,core,A,Bennie D. Waller,2010,Liquidating Real Estate Assets Quickly: What Affects the Probability of a Quick Sale?,Journal of Real Estate Practice and Education,10.1080/10835547.2010.12091669,I,A quick sale probability,석사②
W09,2026-12-07,2026-12-11,학부②,full,core,A,Ping Cheng,2010,"Home Price, Time-on-Market, and Seller Heterogeneity Under Changing Market Conditions",The Journal of Real Estate Finance and Economics,10.1007/s11146-009-9167-1,I,A seller heterogeneity TOM,학부③
W09,2026-12-07,2026-12-11,학부③,full,core,A,Hazer Inaltekin,2011,Housing prices and the optimal time-on-the-market decision,Finance Research Letters,10.1016/j.frl.2011.06.001,I,A optimal TOM decision,학부②
W09,2026-12-07,2026-12-11,학부④,full,core,A/C,C. Leung,2011,"Housing price, trading volume and time on market [title garbled in source; verify in IRER 2011]",International Real Estate Review,10.53383/100144,I,A/C price-volume-TOM IRER 2011 (title to fix),이원석
W09,2026-12-07,2026-12-11,박사,light,peripheral,A,Lily Shen,2022,The Odd One Out? The Impact of Property Uniqueness on Selling Time and Selling Price,Journal of Housing Research,10.1080/10527001.2022.2078530,I,A,석사①
W09,2026-12-07,2026-12-11,석사①,light,peripheral,B/D,Norbert Pfeifer,2022,Early Real Estate Indicators during the COVID-19 Crisis,Journal of Official Statistics,10.2478/jos-2022-0017,I,B/D early indicators list-price data,박사
W09,2026-12-07,2026-12-11,석사②,light,peripheral,A,Eli Beracha,2022,Time on Market and the Cash Discount for Condos,Journal of real estate finance and economics,10.1007/s11146-022-09913-0,I,A TOM cash discount,학부①
W09,2026-12-07,2026-12-11,이원석,light,peripheral,C,Masatomo Suzuki,2022,Changing trends in the transaction volume of existing houses during the COVID-19 pandemic,Journal of the City Planning Institute of Japan,10.11361/journalcpij.57.320,I,existing-house transaction volume COVID Tokyo JP (English abstract; JCPIJ) [peri],학부④
W09,2026-12-07,2026-12-11,학부①,light,peripheral,C,Ganduri R,2022,Tracing the source of liquidity for distressed housing markets,Real Estate Economics,10.1111/1540-6229.12388,I,C liquidity distressed markets investors,석사②
W09,2026-12-07,2026-12-11,학부②,light,peripheral,A,Bikmetova N,2022,"Ethnicity in housing markets: Buyers, sellers and agents",Real Estate Economics,10.1111/1540-6229.12410,I?,ethnicity buyers sellers agents (full text),학부③
W09,2026-12-07,2026-12-11,학부③,light,peripheral,A,Melser D,2022,The housing market reaction to the combustible cladding crisis: Safety or financial concerns?,Urban Studies,10.1177/00420980221110785,I?,cladding crisis reaction (full text),학부②
W09,2026-12-07,2026-12-11,학부④,light,peripheral,C,Elliot Anenberg,2022,The Propagation of Demand Shocks through Housing Markets,American Economic Journal Macroeconomics,10.1257/mac.20200037,I,demand shocks propagation sales chains AEJ,이원석
W10,2026-12-14,2026-12-18,박사,full,theory,T,Zhenguo Lin,2008,Real Estate Returns and Risk with Heterogeneous Investors,Real Estate Economics,10.1111/j.1540-6229.2008.00229.x,I,theory TOM risk metric,석사①
W10,2026-12-14,2026-12-18,박사,full,theory,T,E. Levin,2011,A Disequilibrium Model of the Market for Houses: Implicit Selling Time as a Signal of Optimal Holding Periods and Buyer Valuation,Urban Studies,10.1177/0042098010385156,I,theory implicit selling time,석사①
W10,2026-12-14,2026-12-18,석사①,full,core,C,C. Yiu,2008,Trading Volume and Price Dispersion in Housing Markets,Journal of Property Research,10.1080/09599910802696615,I,C trading volume price dispersion,박사
W10,2026-12-14,2026-12-18,석사①,full,core,C/B,Yiu C,2008,Transaction Volume and Price Dispersion in the Presale and Spot Real Estate Markets,The Journal of Real Estate Finance and Economics,10.1007/s11146-008-9161-z,I,C/B presale spot volume dispersion,박사
W10,2026-12-14,2026-12-18,석사②,full,core,B,David Genesove,2001,Loss Aversion and Seller Behavior: Evidence from the Housing Market,The Quarterly Journal of Economics,10.1162/003355301753265561,I,loss aversion seller behavior QJE Genesove Mayer 2001,학부①
W10,2026-12-14,2026-12-18,석사②,full,core,B,S. Caples,2003,The Listing Broker Phenomenon: Does the Listing Broker Impact the Percentage of Asking Price Realized in a Residential Sale?,Academy of Accounting and Financial Studies Journal,,I,B sale-to-list realized broker,학부①
W10,2026-12-14,2026-12-18,이원석,full,core,A,Paul E. Carrillo,2012,Are homes hot or cold potatoes? The distribution of marketing time in the housing market,Regional Science and Urban Economics,10.1016/j.regsciurbeco.2011.08.010,I,A TOM distribution RSUE2012,학부④
W10,2026-12-14,2026-12-18,학부①,full,core,A,Velma Zahirovic-Herbert,2012,In Search of Value: How Subdivision Names Influence House Prices and Marketing Duration,Housing and Society,10.1080/08882746.2012.11430600,I,A marketing duration subdivision names,석사②
W10,2026-12-14,2026-12-18,학부②,full,core,A,E. Hui,2012,The impact of pricing strategies on time-on-market under various economic conditions,International Journal of Strategic Property Management,10.3846/1648715x.2011.585185,I,A pricing strategies TOM Cox,학부③
W10,2026-12-14,2026-12-18,학부③,full,core,A,A. Brint,2012,Modelling a property's time to sale by inflating its previous selling price,Journal of the Operational Research Society,10.1057/jors.2011.74,I,A time to sale JORS,학부②
W10,2026-12-14,2026-12-18,학부④,full,core,A/D,Chernobai E,2012,House Search Duration in Hot and Cold Residential Markets,Real Estate Economics,10.1111/j.1540-6229.2012.00329.x,I,A/D house search duration hot cold,이원석
W10,2026-12-14,2026-12-18,박사,light,peripheral,C,Ki-Sun Hong,2022,An Empirical Study on the Nonlinear Price Increase Expectation Effect: Focusing on Apartment Transaction Price and Transaction Volume,Journal of the Korea Academia-Industrial cooperation Society,10.5762/kais.2022.23.1.374,I?,price-increase expectation effect apartment transactions KR (full text) [peri],석사①
W10,2026-12-14,2026-12-18,석사①,light,peripheral,B,Dimuthu Ratnadiwakara,2022,Do Sunk Costs Affect Prices in the Housing Market?,Management Science,10.1287/mnsc.2021.4285,I?,sunk costs list prices housing Management Science (list price outcome? full text) [peri],박사
W10,2026-12-14,2026-12-18,석사②,light,peripheral,C,Moon-Gyu Choi,2022,Impacts of Mortgage Loan Regulation for High-Price Housing on Changes in Its Price and Trading Volume,국토계획,10.17208/jkpa.2022.10.57.5.174,I,mortgage regulation high-price housing price and trading volume 국토계획 KR [peri],학부①
W10,2026-12-14,2026-12-18,이원석,light,peripheral,B/C,,2023,School quality as a catalyst for bidding wars and new housing development,Real Estate Economics,10.1111/1540-6229.12426,I,peripheral bidding wars (full text),학부④
W10,2026-12-14,2026-12-18,학부①,light,peripheral,C,Hjalager A,2023,"Sales prices, social rigidity and the second home property market",Journal of Housing and the Built Environment,10.1007/s10901-023-10047-9,I?,second home trading patterns (full text),석사②
W10,2026-12-14,2026-12-18,학부②,light,peripheral,A,J. O. Ataguba,2023,"Efficiency of distressed property sales in Lagos city, Nigeria",Lapai Journal of Economics,10.4314/lje.v7i1.3,I?,distressed sales efficiency Lagos low-tier (full text),학부③
W10,2026-12-14,2026-12-18,학부③,light,peripheral,A,Lu Fang,2023,The impact of real estate agents’ expertise on house prices and TOM,Real Estate Economics,10.1111/1540-6229.12466,I,A agent expertise TOM,학부②
W10,2026-12-14,2026-12-18,학부④,light,peripheral,B/D,,2023,Web-scraping housing prices in real-time: The Covid-19 crisis in the UK,Journal of Housing Economics,10.1016/j.jhe.2022.101906,I,,이원석
W11,2026-12-21,2026-12-25,박사,full,theory,T,Jess S. Boronico,2011,The Determination Of Optimal Reservation Price Setting For Homeowners,Journal of Business & Economics Research (JBER),10.19030/jber.v2i7.2896,I?,optimal reservation price low-tier,석사①
W11,2026-12-21,2026-12-25,박사,full,theory,T,Qian W,2012,Why Do Sellers Hold Out in the Housing Market? An Option‐Based Explanation,Real Estate Economics,10.1111/j.1540-6229.2012.00345.x,I,theory sellers hold out,석사①
W11,2026-12-21,2026-12-25,석사①,full,core,C,Jing Wu,2008,Determinants of housing liquidity in Chinese cities: Does market maturity matter?,Tsinghua Science & Technology,10.1016/s1007-0214(08)70112-3,I,C housing liquidity Chinese cities 2008,박사
W11,2026-12-21,2026-12-25,석사①,full,core,B/C,Salter S,2009,Price Adjustment and Liquidity in a Residential Real Estate Market with an Accelerated Information Cascade,Journal of Real Estate Research,10.1080/10835547.2009.12091260,I,B/C price adjustment liquidity cascade,박사
W11,2026-12-21,2026-12-25,석사②,full,core,B,,2003,Estimating Bargaining Effects in Hedonic Models: Evidence from the Housing Market,Real Estate Economics,10.1046/j.1080-8620.2003.00078.x,I,bargaining list-sale (full text),학부①
W11,2026-12-21,2026-12-25,석사②,full,core,B,,2004,Charm Pricing as a Signal of Listing Price Precision,Journal of Housing Research,10.1080/10835547.2004.12091967,I,,학부①
W11,2026-12-21,2026-12-25,이원석,full,core,A,S. Stevenson,2013,The Probability of Sale and Price Premiums in Withdrawn Auctioned Properties*,Urban Studies,10.1177/0042098014529341,I,A probability of sale withdrawn auctions,학부④
W11,2026-12-21,2026-12-25,학부①,full,core,A/D,,2012,Further Assessment of the Efficiency Effects of Internet Use in Home Search,Journal of Real Estate Research,10.1080/10835547.2012.12091344,I,search duration internet,석사②
W11,2026-12-21,2026-12-25,학부②,full,core,A/B,,2012,Marketing Time and Pricing Strategies,Journal of Real Estate Research,10.1080/10835547.2012.12091342,I,,학부③
W11,2026-12-21,2026-12-25,학부③,full,core,A/C,,2012,Cross sectional Analysis of time on Market indicators for an Australian City,Pacific Rim Property Research Journal,10.1080/14445921.2012.11104370,I,TOM indicators Adelaide,학부②
W11,2026-12-21,2026-12-25,학부④,full,core,A,Gan Q,2013,"Optimal Selling Mechanism, Auction Discounts and Time on Market",Real Estate Economics,10.1111/reec.12002,I,A selling mechanism auction TOM,이원석
W11,2026-12-21,2026-12-25,박사,light,peripheral,A/D,Zhen-Bin Yan,2024,Does Virtual Reality Help Property Sales? Empirical Evidence from a Real Estate Platform,Information systems research,10.1287/isre.2021.9138,I,VR property sales platform ISR2025,석사①
W11,2026-12-21,2026-12-25,석사①,light,peripheral,A,Askar H. Choudhury,2024,The effect of the COVID-19 pandemic on TOM in the housing market,International Journal of Housing Markets and Analysis,10.1108/ijhma-12-2023-0179,I,A COVID TOM,박사
W11,2026-12-21,2026-12-25,석사②,light,peripheral,C,Roohani Qadikolaei M,2024,Spatial heterogeneity in housing price-transaction ratios: a historical analysis of Tehran,International Journal of Housing Markets and Analysis,10.1108/ijhma-08-2024-0118,I,C price-transaction ratios Tehran,학부①
W11,2026-12-21,2026-12-25,이원석,light,peripheral,A,Jaewoong Won,2025,Do walkable neighborhoods reduce the time to sell foreclosed properties?,Cities,10.1016/j.cities.2025.105852,I,A time to sell foreclosed Cities,학부④
W11,2026-12-21,2026-12-25,학부①,light,peripheral,C,Kwang-Jin Jung,2024,Study on the Determinants of Housing Sales Transaction Volume Considering Population Factors,Journal of Real Estate Analysis,10.30902/jrea.2024.10.2.37,I,determinants housing sales transaction volume population KR [peri],석사②
W11,2026-12-21,2026-12-25,학부②,light,peripheral,C,Xinghua Zhao,2024,Examining the policy outcomes of cancelling the house purchase restriction: quasi-experimental evidence from China,Urban Governance,10.1016/j.ugj.2024.04.001,I?,HPR cancellation outcomes China (transaction volume outcome? full text; Urban Governance) [peri],학부③
W11,2026-12-21,2026-12-25,학부③,light,peripheral,C,Hee Kwan Kim,2024,Impact of Corporate Transaction Volume Ratio on Apartment Prices,부동산학연구 (Korea Real Estate Review),10.35136/krer.34.2.2,I?,corporate transaction volume ratio apartment prices KR (venue missing) [peri],학부②
W11,2026-12-21,2026-12-25,학부④,light,peripheral,C,Eung Soo Kim,2024,A Study on the Impact of Housing Consumer Sentiment and Demographic Changes on the Housing Sales Market,부동산학보,10.31303/krear.2024.94.53,I?,sentiment demographics housing sales market 부동산학보 KR (volume? full text) [peri],이원석
W12,2026-12-28,2027-01-01,박사,full,theory,T,Edward P. Lazear,2012,EMINENT PAPER SERIES — WHY DO INVENTORIES RISE WHEN DEMAND FALLS IN HOUSING AND OTHER MARKETS?,The Singapore Economic Review,10.1142/s0217590812500075,I,why inventories rise when demand falls Singapore Econ Rev (Stein-type theory),석사①
W12,2026-12-28,2027-01-01,박사,full,theory,T,Anglin P,2013,Pricing in an Illiquid Real Estate Market,Journal of Real Estate Research,10.1080/10835547.2013.12091351,I,theory pricing illiquid market,석사①
W12,2026-12-28,2027-01-01,석사①,full,core,C,Robert Novy-Marx,2009,Hot and Cold Markets,Real Estate Economics,10.1111/j.1540-6229.2009.00232.x,I,C NovyMarx2009,박사
W12,2026-12-28,2027-01-01,석사①,full,core,C,Hwang M,2009,"Housing Price Dynamics in Time and Space: Predictability, Liquidity and Investor Returns",The Journal of Real Estate Finance and Economics,10.1007/s11146-009-9207-x,I,C predictability liquidity returns,박사
W12,2026-12-28,2027-01-01,석사②,full,core,B,,2004,The Effects of Charm Listing Prices on House Transaction Prices,Real Estate Economics,10.1111/j.1080-8620.2004.00108.x,I,,학부①
W12,2026-12-28,2027-01-01,석사②,full,core,B,Leung C,2006,Housing Price Dispersion: An Empirical Investigation,The Journal of Real Estate Finance and Economics,10.1007/s11146-006-6806-7,I,B price dispersion 2006,학부①
W12,2026-12-28,2027-01-01,이원석,full,core,A,F. Ferreira,2015,Identifying key determinants of housing sales and time-on-the-market (TOM) using fuzzy cognitive mapping,International Journal of Strategic Property Management,10.3846/1648715x.2015.1052587,I,A TOM fuzzy cognitive mapping,학부④
W12,2026-12-28,2027-01-01,학부①,full,core,A,Elliot Anenberg,2014,Information Frictions and Housing Market Dynamics,International Economic Review,10.1111/iere.12210,I,Anenberg IER2016,석사②
W12,2026-12-28,2027-01-01,학부②,full,core,A,Velma Zahirovic-Herbert,2014,Historic District Influence on House Prices and Marketing Duration,The Journal of Real Estate Finance and Economics,10.1007/s11146-012-9380-1,I,A historic district marketing duration,학부③
W12,2026-12-28,2027-01-01,학부③,full,core,A/C,Li Y,2014,Residential Brokerage in Hot and Cold Markets,The Journal of Real Estate Finance and Economics,10.1007/s11146-014-9472-1,I,A/C brokerage hot cold,학부②
W12,2026-12-28,2027-01-01,학부④,full,core,A,Peyman Khezr,2015,Time on the market and price change: the case of Sydney housing market,Applied Economics,10.1080/00036846.2014.972549,I,A TOM-price Sydney,이원석
W12,2026-12-28,2027-01-01,박사,light,peripheral,A,Eli Beracha,2025,Perception of risk and user cost in property markets: Evidence from Surfside partial building collapse,Real Estate Economics,10.1111/1540-6229.70025,I?,Surfside collapse market dynamics (full text),석사①
W12,2026-12-28,2027-01-01,석사①,light,peripheral,A,Cigdem Gedikli,2025,Online real estate agencies and their impact on the housing market,Real Estate Economics,10.1111/1540-6229.70023,I?,online agencies impact (full text),박사
W12,2026-12-28,2027-01-01,석사②,light,peripheral,A/B,Cheng P,2025,Information sharing across MLS platforms and housing prices: Evidence from a temporary suspension of an agreement,Real Estate Economics,10.1111/1540-6229.12524,I?,MLS data sharing suspension (full text),학부①
W12,2026-12-28,2027-01-01,이원석,light,peripheral,A/C,Kamkar F,2026,"Economic shocks and housing market dynamics: evidence from Shelby County, Tennessee",International Journal of Housing Markets and Analysis,10.1108/ijhma-04-2026-0100,I?,economic shocks Shelby County (full text),학부④
W12,2026-12-28,2027-01-01,학부①,light,peripheral,A/C,Tommaso Piseddu,2025,"Fear of accidents in nuclear power plants, shocks to the housing market and effective policies to mitigate these: evidence from Sweden",International Journal of Disaster Risk Reduction,10.1016/j.ijdrr.2025.105797,I?,nuclear fear Swedish housing shocks (full text),석사②
W12,2026-12-28,2027-01-01,학부②,light,peripheral,C,전주대학교 부동산국토정보학과 객원교수,2025,A Study on the Impact of Demographic Changes on Housing Transaction Volume : Focusing on the Application of the VECM,Journal of the Korea Real Estate Management Review,10.37642/jkremr.2025.12.15,I,demographic change housing transaction volume KR [peri],학부③
W12,2026-12-28,2027-01-01,학부③,light,peripheral,A,Wan-Hsiu Cheng,2026,Urban disruptions and housing market dynamics: evidence from San Francisco,International Journal of Housing Markets and Analysis,10.1108/ijhma-04-2026-0122,I?,urban disruptions SF market dynamics (full text),학부②
W12,2026-12-28,2027-01-01,학부④,light,peripheral,C,Dogan C,2026,From tariffs to roofs: the spillover effects of trade policy on housing markets,International Journal of Housing Markets and Analysis,10.1108/ijhma-01-2026-0014,I?,tariffs housing outcomes (full text),이원석
W13,2027-01-04,2027-01-08,박사,full,theory,T,Hong ZHANG,2014,Agent-Based Simulation of the Search Behavior in China's Resale Housing Market: Evidence from Beijing,Journal of Artificial Societies and Social Simulation,10.18564/jasss.2360,I?,ABM search Beijing resale (full text),석사①
W13,2027-01-04,2027-01-08,박사,full,theory,T,Lisi G,2015,Estimating the housing price with a search-and-matching model,Journal of European Real Estate Research,10.1108/jerer-09-2014-0035,I,search-matching model appraisal JERER2015,석사①
W13,2027-01-04,2027-01-08,석사①,full,core,C,김현아,2009,Applications and Improvements of Real Estate Transaction Volume Statistics,국토연구,10.15793/kspr.2009.62..006,I,transaction volume statistics applications improvements 국토연구 KR,박사
W13,2027-01-04,2027-01-08,석사①,full,core,C,Cheng P,2010,"Illiquidity, transaction cost, and optimal holding period for real estate: Theory and application",Journal of Housing Economics,10.1016/j.jhe.2010.03.002,I,C illiquidity holding period,박사
W13,2027-01-04,2027-01-08,석사②,full,core,B,Taltavull P,2009,Measuring price expectations,Journal of European Real Estate Research,10.1108/17539260910978481,I,B asking price expectations,학부①
W13,2027-01-04,2027-01-08,석사②,full,core,B,D. Haurin,2010,"List Prices, Sale Prices and Marketing Time: An Application to U.S. Housing Markets",Real Estate Economics,10.1111/j.1540-6229.2010.00279.x,I,B list prices sale prices marketing time 2010,학부①
W13,2027-01-04,2027-01-08,이원석,full,core,A,S. McGreal,2016,Measuring the influence of space and time effects on time on the market,Urban Studies,10.1177/0042098015596923,I,A TOM space time Adelaide,학부④
W13,2027-01-04,2027-01-08,학부①,full,core,A,Vanda Martins,2015,For sale… but for how long? a methodological proposal for estimating time-on-the-market,International Journal of Strategic Property Management,10.3846/1648715x.2015.1072746,I,A estimating TOM method,석사②
W13,2027-01-04,2027-01-08,학부②,full,core,A,V. Bello,2015,"Marketing Time and Sales Price of Residential Properties in Akure, Nigeria",Journal of economics and sustainable development,,I,A marketing time Akure,학부③
W13,2027-01-04,2027-01-08,학부③,full,core,A,Patrick S. Smith,2015,The Effect of Relisting on House Selling Price,Journal of real estate finance and economics,10.1007/s11146-015-9503-6,I,A relisting price,학부②
W13,2027-01-04,2027-01-08,학부④,full,core,A,A. Cirman,2015,Determinants of Time on the Market in a Thin Real Estate Market,The Engineering Economics,10.5755/j01.ee.26.1.3905,I,A TOM thin market,이원석
W13,2027-01-04,2027-01-08,박사,light,peripheral,A,Clayton Pilat,2026,Does AI-generated listing language affect property market outcomes for investors?,Journal of Property Investment &amp; Finance,10.1108/jpif-01-2026-0008,I?,AI listing language outcomes JPIF2026 (full text),석사①
W13,2027-01-04,2027-01-08,석사①,light,peripheral,A,Lu Fang,2026,Real estate agents’ collaboration and housing outcomes,Real Estate Economics,10.1111/1540-6229.70065,I,A agents collaboration outcomes,박사
W13,2027-01-04,2027-01-08,석사②,light,peripheral,A/C,Allan Beltrán,2026,"Flood risk information, housing markets, and spatial inequality",Journal of Economic Geography,10.1093/jeg/lbag064,I?,flood risk info housing markets (full text),학부①
W13,2027-01-04,2027-01-08,학부①,light,peripheral,C,Jin Hee Han,2026,Heterogeneity in Housing Market Adjustment Structures across Regions,Journal of Real Estate Analysis,10.30902/jrea.2026.12.1.105,I?,regional adjustment structures (volume? full text) KR [peri],석사②
W13,2027-01-04,2027-01-08,학부②,light,peripheral,C/B,Juyoun Lee,2026,Price-Tier Adjustment and Spatial Concentration in Seoul’s Apartment Market During a Period of Interest Rate Changes,Journal of Real Estate Analysis,10.30902/jrea.2026.12.1.149,I?,price-tier adjustment Seoul (volume? full text) KR [peri],학부③
W13,2027-01-04,2027-01-08,학부③,light,peripheral,C,Sohyun Mun,2026,An Analysis of the Spatial Spillover Effects of Lifting Land Transaction Permit Zone Designation Using Distance-Band Spatial Difference-in-Differences (DID),Journal of Real Estate Analysis,10.30902/jrea.2026.12.2.27,I?,LTPZ lifting spillover DID KR (volume outcome? full text) [peri],학부②
W13,2027-01-04,2027-01-08,학부④,light,peripheral,C,Seorin Jang,2026,"How Does Short-term Volatility in Housing Policy Affect House Prices and Transaction Volume : Evidence from the Lifting and Reimposition of the Land Transaction Permit System in Seoul, South Korea",Korea Real Estate Policy Association,10.54091/krepa.2026.27.2.24,I,LTPS lifting/reimposition prices and transaction volume Seoul KR [peri],이원석
W14,2027-01-11,2027-01-15,박사,full,theory,T,E. Eerola,2017,Borrowing constraints and housing market liquidity,Review of Economic Dynamics,10.1016/j.red.2017.07.003,I,theory/C borrowing constraints liquidity RED,석사①
W14,2027-01-11,2027-01-15,박사,full,theory,T,P. Gong,2018,Divergence in Reservation Prices and Its Impact on Housing Market Liquidity: A Theoretical Analysis,Journal of Management Science and Engineering,10.3724/sp.j.1383.303008,I,reservation price divergence liquidity JMSE2018,석사①
W14,2027-01-11,2027-01-15,석사①,full,core,C,,2010,Could We Have Predicted the Recent Downturn in Home Sales in the Four U.S. Census Regions?,Journal of Housing Research,10.1080/10835547.2010.12092026,I,home sales forecasting,박사
W14,2027-01-11,2027-01-15,석사①,full,core,C,Wong S,2011,Liquidity and Information Asymmetry in the Real Estate Market,The Journal of Real Estate Finance and Economics,10.1007/s11146-011-9326-z,I,C liquidity information asymmetry,박사
W14,2027-01-11,2027-01-15,석사②,full,core,B,G. Pryce,2011,Bidding Conventions and the Degree of Overpricing in the Market for Houses,Urban Studies,10.1177/0042098010363496,I,B degree of overpricing,학부①
W14,2027-01-11,2027-01-15,석사②,full,core,B,Kwong Wing Chau,2011,Let the Buyer or Seller Beware: Measuring Lemons in the Housing Market under Different Doctrines of Law Governing Transactions and Information,The Journal of Law and Economics,10.1086/661941,I,lemons overpricing legal doctrines JLE (sale outcome),학부①
W14,2027-01-11,2027-01-15,이원석,full,core,A/C,Raymond Brastow,2018,Temporally Dynamic Externalities and Real Estate Liquidity,Journal of Real Estate Research,10.1080/10835547.2018.12091498,I,A/C externalities liquidity,학부④
W14,2027-01-11,2027-01-15,학부①,full,core,B/A,,2016,Optimal List Price and Duration of Vacancy in the Housing Market in Tokyo,Review of Urban & Regional Development Studies,10.1111/rurd.12053,I,,석사②
W14,2027-01-11,2027-01-15,학부②,full,core,A,Chao Mou,2017,Recommending property with short days-on-market for estate agency,Journal of Ambient Intelligence and Humanized Computing,10.1007/s12652-017-0508-2,I,A DOM recommendation,학부③
W14,2027-01-11,2027-01-15,학부③,full,core,A,Seon-Ju Song,2017,A Study on Effects of Characteristics of Real Estate Intermediation on Time to Sale of Houses,부동산·도시연구 (Korea Real Estate Urban Studies),10.22423/kreus.2017.10.1.189,I,intermediation characteristics time to sale KR 2017,학부②
W14,2027-01-11,2027-01-15,학부④,full,core,A,Turnbull G,2018,(What) do top performing real estate agents deliver for their clients?,Journal of Housing Economics,10.1016/j.jhe.2018.06.005,I,A agent inventory externalities TOM,이원석
W15,2027-01-18,2027-01-22,박사,full,theory,T,He X,2018,Volatility and Liquidity in the Real Estate Market,Journal of Real Estate Research,10.1080/10835547.2018.12091511,I,volatility liquidity model JRER2018,석사①
W15,2027-01-18,2027-01-22,박사,full,theory,T,Shunichi Maekawa,2019,Theoretical Analysis about the Transaction Price in the Existing Home Market,The Japanese Journal of Real Estate Sciences,10.5736/jares.33.3_79,I?,optimal list price transaction price theory JP (full text),석사①
W15,2027-01-18,2027-01-22,석사①,full,core,C,,2011,The Economic Impact of Anticipated House Price Changes—Evidence from Home Sales,Real Estate Economics,10.1111/j.1540-6229.2010.00292.x,I,home sales volume,박사
W15,2027-01-18,2027-01-22,석사①,full,core,C,임재만,2011,Do Housing Trading Volume Explain Housing Prices or the Converse?,국토연구,10.15793/kspr.2011.69..001,I,do volumes explain prices or converse 국토연구 KR,박사
W15,2027-01-18,2027-01-22,석사②,full,core,B,Yong-Heng Deng,2012,Optimal Pricing Strategy in the Case of Price Dispersion: New Evidence from the Tokyo Housing Market,Real Estate Economics,10.1111/j.1540-6229.2012.00347.x,I,B optimal pricing dispersion Tokyo,학부①
W15,2027-01-18,2027-01-22,석사②,full,core,B,Falzon J,2013,Comparing alternative house price indices: evidence from asking prices in Malta,International Journal of Housing Markets and Analysis,10.1108/17538271311306048,I,B asking price index Malta,학부①
W15,2027-01-18,2027-01-22,이원석,full,core,A,N. Wickramaarachchi,2020,Key determinants of time on the market: an analysis of residential housing market in Sri Lanka,International Journal of Housing Markets and Analysis,10.1108/ijhma-06-2020-0071,I,A TOM Sri Lanka,학부④
W15,2027-01-18,2027-01-22,학부①,full,core,A,,2018,Listing Agent Signals: Does a Picture Paint a Thousand Words?,The Journal of Real Estate Finance and Economics,10.1007/s11146-018-9674-z,I,peripheral photos TOM,석사②
W15,2027-01-18,2027-01-22,학부②,full,core,A,R. Pace,2019,"The influence of house, seller, and locational factors on the probability of sale",Journal of Housing Economics,10.1016/j.jhe.2018.09.009,I,A,학부③
W15,2027-01-18,2027-01-22,학부③,full,core,A,Jin-soo Ko,2019,Factors Affecting the Days on Market of Residential Real Estate in Seoul,Korean Association for Housing Policy Studies,10.24957/hsr.2019.27.1.05,I,A Ko2019 KR,학부②
W15,2027-01-18,2027-01-22,학부④,full,core,A,Jae-yeong Yang,2019,The Effect of Apartment Housing Characteristics on the Days On Market(DOM),The Korean Association of Urban Policies,10.21447/jup.2019.10.3.101,I,A YangKo2019 KR,이원석
W16,2027-01-25,2027-01-29,박사,full,theory,T,Eric Smith,2020,High and low activity spells in housing markets,Review of economic dynamics (Print),10.1016/j.red.2019.07.004,I,theory/C activity spells RED,석사①
W16,2027-01-25,2027-01-29,박사,full,theory,T,Adam Guren,2020,How Do Foreclosures Exacerbate Housing Downturns?,The Review of Economic Studies,10.1093/restud/rdaa001,I,foreclosures housing downturns structural REStud Guren McQuade,석사①
W16,2027-01-25,2027-01-29,석사①,full,core,C,Wong S,2012,Trading Volume-Induced Spatial Autocorrelation in Real Estate Prices,The Journal of Real Estate Finance and Economics,10.1007/s11146-012-9375-y,I,C volume spatial autocorrelation,박사
W16,2027-01-25,2027-01-29,석사①,full,core,C,Akkoyun H,2013,Housing prices and transaction volume,Journal of Housing Economics,10.1016/j.jhe.2013.02.001,I,C,박사
W16,2027-01-25,2027-01-29,석사②,full,core,B,Randy I. Anderson,2013,Seller Over-Pricing and Listing Contract Length: The Effects of Endogenous Listing Contracts on Housing Markets,Journal of real estate finance and economics,10.1007/s11146-013-9440-1,I,B over-pricing listing contract,학부①
W16,2027-01-25,2027-01-29,석사②,full,core,B,Beracha E,2013,The Effect of Listing Price Strategy on Transaction Selling Prices,The Journal of Real Estate Finance and Economics,10.1007/s11146-013-9424-1,I,B listing price strategy,학부①
W16,2027-01-25,2027-01-29,이원석,full,core,A,S. B. Caudill,2021,Time on the Market and Probability of Sale Using a Generalized Geometric Hazard Model,Journal of Econometric Methods,10.1515/jem-2020-0017,I,A TOM probability of sale hazard,학부④
W16,2027-01-25,2027-01-29,학부①,full,core,A,Justin D. Benefield,2020,Solving Old Puzzles with New Tricks: Addressing Endogeneity and Nonlinearity in Time-on-Market Research,Journal of Real Estate Research,10.1080/08965803.2020.1844476,I,A endogeneity nonlinearity TOM,석사②
W16,2027-01-25,2027-01-29,학부②,full,core,A,A. F. Kamara,2020,A hybrid neural network for predicting Days on Market a measure of liquidity in real estate industry,Knowledge-Based Systems,10.1016/j.knosys.2020.106417,I,A DOM neural KBS,학부③
W16,2027-01-25,2027-01-29,학부③,full,core,A,Xin He,2020,Search Benefit in Housing Markets: An Inverted U-Shaped Price and TOM Relation,Real Estate Economics,10.1111/1540-6229.12221,I,A inverted U price TOM,학부②
W16,2027-01-25,2027-01-29,학부④,full,core,A/B,Bich-Hanh Nguyen Thi,2020,The Role of Listing Price Strategies on the Probability of Selling a House: Evidence from Vietnam,Real Estate Management and Valuation,10.1515/remav-2020-0016,I,A/B listing price strategies probability of sale Vietnam,이원석
W17,2027-02-01,2027-02-05,박사,full,theory,T,G. Lisi,2021,The Mortensen-Pissarides model and the empirical facts of housing markets,Journal of European Real Estate Research,10.1108/jerer-07-2020-0044,I,theory MP model price-TOM facts,석사①
W17,2027-02-01,2027-02-05,박사,full,theory,T,Weh-Sol Moon,2022,A Search and Matching Model of the Housing Market and the Dynamic Effects of Financial Shocks,Housing Finance Research,10.52344/hfr.2022.6.2.5,I,search-matching housing financial shocks KR,석사①
W17,2027-02-01,2027-02-05,석사①,full,core,C,de Wit E,2013,Price and transaction volume in the Dutch housing market,Regional Science and Urban Economics,10.1016/j.regsciurbeco.2012.07.002,I,C deWit2013 volume,박사
W17,2027-02-01,2027-02-05,석사①,full,core,B/C,,2013,Bidding Wars for Houses,Real Estate Economics,10.1111/reec.12015,I,above-list sales as heat,박사
W17,2027-02-01,2027-02-05,석사②,full,core,B,McGreal S,2013,Implicit House Prices: Variation over Time and Space in Spain,Urban Studies,10.1177/0042098012471978,I,B asking price hedonic Spain,학부①
W17,2027-02-01,2027-02-05,석사②,full,core,B,,2013,The impact of house characteristics on the bargaining outcome,Journal of European Real Estate Research,10.1108/jerer-12-2012-0030,I,,학부①
W17,2027-02-01,2027-02-05,이원석,full,core,A,K. C. Anderson,2022,The Impact of Virtual Marketing Strategies on the Price-TOM Relation,Journal of real estate finance and economics,10.1007/s11146-022-09908-x,I,A virtual marketing price-TOM,학부④
W17,2027-02-01,2027-02-05,학부①,full,core,A,Tatiana Cesaroni,2021,Average time to sell a property and credit conditions: Evidence from the Italian housing market survey,Bulletin of Economic Research,10.1111/boer.12284,I,TOM credit conditions Italy BER2021,석사②
W17,2027-02-01,2027-02-05,학부②,full,core,A/B,Hồng Nguyễn Thị Bích,2022,The Behaviour of House Buyers in Response to Suspicious Signals of Houses for Sale,Journal of Asian Business and Economic Studies,10.24311/jabes/2022.33.07.05,I,A/B suspicious signals long listing,학부③
W17,2027-02-01,2027-02-05,학부③,full,core,A/B,Philippos Nikiforou,2022,Identifying how the time on the market affects the selling price: a case study of residential properties in Paphos (Cyprus) urban area,Journal of European Real Estate Research,10.1108/jerer-11-2021-0051,I,A/B TOM DOP Paphos,학부②
W17,2027-02-01,2027-02-05,학부④,full,core,A/C,Gárate Alvarez S,2022,Short-Term Property Rental Platforms and the Housing Market: House Prices and Liquidity,Journal of Housing Research,10.1080/10527001.2022.2033389,I,A/C,이원석
W18,2027-02-08,2027-02-12,박사,full,theory,B/T,,2023,Optimal Real Estate Pricing and Offer Acceptance Strategy,IEEE Access,10.1109/access.2023.3284549,I,optimal pricing offer acceptance (full text),석사①
W18,2027-02-08,2027-02-12,박사,full,theory,T,Weh-Sol Moon,2023,House prices and sales: A search-matching model of housing market,Journal of Housing and Urban Finance,10.38100/jhuf.2023.8.2.25,I,search-matching prices sales KR,석사①
W18,2027-02-08,2027-02-12,석사①,full,core,C,Jhih‐Hong Zeng,2013,Wealth effects on the housing markets: Do market liquidity and market states matter?,Economic Modelling,10.1016/j.econmod.2013.02.021,I,wealth effects market liquidity states,박사
W18,2027-02-08,2027-02-12,석사①,full,core,C,Ian Davidoff,2013,How Do Stamp Duties Affect the Housing Market?,Economic Record,10.1111/1475-4932.12056,I,stamp duties housing turnover,박사
W18,2027-02-08,2027-02-12,석사②,full,core,B,,2013,List price and sales prices of residential properties during booms and busts,Journal of Housing Economics,10.1016/j.jhe.2013.01.003,I,Haurin McGreal Adair,학부①
W18,2027-02-08,2027-02-12,석사②,full,core,B,Maury T,2014,Search strategies on the housing market and their implications on price dispersion,Journal of Housing Economics,10.1016/j.jhe.2014.09.001,I,B,학부①
W18,2027-02-08,2027-02-12,이원석,full,core,A,Christopher N. Cain,2024,The impact of the COVID-19 market shock on residential buyer preferences,International Journal of Housing Markets and Analysis,10.1108/ijhma-09-2024-0134,I,A COVID TOM probability of sale,학부④
W18,2027-02-08,2027-02-12,학부①,full,core,A,O. Adegoke,2022,"The Impacts of Property Features on Time on Market of Real Estate Assets in Lagos Metropolis, Nigeria",UNIOSUN Journal of Engineering and Environmental Sciences,10.36108/ujees/2202.40.0210,I,A Lagos TOM low-tier,석사②
W18,2027-02-08,2027-02-12,학부②,full,core,A/D,Seung‐Hyun Hong,2022,Real estate agents' influence on housing search,Journal of Applied Econometrics,10.1002/jae.2891,I,agents influence housing search,학부③
W18,2027-02-08,2027-02-12,학부③,full,core,A,Velma Zahirovic-Herbert,2023,Residential Marketing Duration: Film Studios as Neighborhood Sales Accelerators,Journal of Real Estate Research,10.1080/08965803.2023.2214469,I,A film studios marketing duration,학부②
W18,2027-02-08,2027-02-12,학부④,full,core,A/B,Zhang Y,2023,Duration‐dependent transaction tax effects on sellers and their behaviors,Real Estate Economics,10.1111/1540-6229.12441,I,A/B SSD duration seller behavior,이원석
W19,2027-02-15,2027-02-19,박사,full,theory,T,Miroslav Gabrovski,2024,Home construction financing and search frictions in the housing market,Review of Economic Dynamics,10.1016/j.red.2024.101253,I,construction financing search frictions RED,석사①
W19,2027-02-15,2027-02-19,박사,full,theory,T,Marie Rekkas,2025,Price dispersion and price stickiness in a competitive search model of housing markets,Economic Theory,10.1007/s00199-025-01659-z,I,price dispersion stickiness competitive search EconTheory2025,석사①
W19,2027-02-15,2027-02-19,석사①,full,core,C,Hansoo Yoo,2013,The Relationship between Trading Volume and Purchase Price Index Volatility in Apartment Market,Global Business Administration Review,10.17092/jibr.2013.10.1.159,I?,trading volume price index volatility apartment low-tier,박사
W19,2027-02-15,2027-02-19,석사①,full,core,C,Heuson A,2014,The Impact of the Taxpayer Relief Act of 1997 on Housing Turnover in the U.S. Single‐Family Residential Market,Real Estate Economics,10.1111/1540-6229.12053,I,C TRA97 turnover,박사
W19,2027-02-15,2027-02-19,석사②,full,core,B,Kokot S,2015,The Comparative Analysis Of Asking And Traded Price Indices In Different Floor Area Subsegments Of The Residential Property Market,Real Estate Management and Valuation,10.1515/remav-2015-0021,I,B asking vs traded indices,학부①
W19,2027-02-15,2027-02-19,석사②,full,core,B,E. Cardella,2015,The Effect of Listing Price Strategy on Real Estate Negotiations: An Experimental Study,Journal of Economic Psychology,10.1016/j.joep.2015.11.001,I,listing price strategy negotiation experiment JEP2016,학부①
W19,2027-02-15,2027-02-19,이원석,full,core,A,Bikmetova N,2024,Does Bankruptcy Identify a Type Of Real Estate Agent or a Stress-Induced Change in Performance?,The Journal of Real Estate Finance and Economics,10.1007/s11146-024-09984-1,I?,agent bankruptcy performance (full text),학부④
W19,2027-02-15,2027-02-19,학부①,full,core,A,Alesia Gerassimenko,2024,Do energy performance certificates influence time on market? An exploratory research of the residential housing market in Flanders,International Journal of Housing Markets and Analysis,10.1108/ijhma-05-2024-0072,I,A EPC TOM,석사②
W19,2027-02-15,2027-02-19,학부②,full,core,A,Wan-Hsiu Cheng,2024,Pricing strategies in the Silicon Valley housing market: an update on TOM and recent events,International Journal of Housing Markets and Analysis,10.1108/ijhma-07-2024-0092,I,A Silicon Valley TOM,학부③
W19,2027-02-15,2027-02-19,학부③,full,core,A/B,Vandenbergh J,2024,Seller and search behavior in the Belgian housing market,Journal of Housing Economics,10.1016/j.jhe.2024.101997,I,A/B seller search Belgium,학부②
W19,2027-02-15,2027-02-19,학부④,full,core,A,Yicong Liu,2024,Modeling home property listings’ time-on-market duration and listing outcome using copula-based competing risk method,Journal of Transport and Land Use,10.5198/jtlu.2024.2447,I,A competing risk TOM,이원석
W20,2027-02-22,2027-02-26,박사,full,core,C,I‐Chun Tsai,2014,Ripple effect in house prices and trading volume in the UK housing market: New viewpoint and evidence,Economic Modelling,10.1016/j.econmod.2014.03.026,I,ripple prices trading volume UK,석사①
W20,2027-02-22,2027-02-26,박사,full,core,C,Shuk-Man Chiu,2015,Market response to land auction events: a transaction volume approach,International Journal of Housing Markets and Analysis,10.1108/ijhma-01-2014-0002,I,C transaction volume land auctions HK,석사①
W20,2027-02-22,2027-02-26,석사①,full,core,C,Arslan Y,2015,Anticipated vs. unanticipated house price movements and transaction volume,Journal of Housing Economics,10.1016/j.jhe.2015.04.003,I,C,박사
W20,2027-02-22,2027-02-26,석사①,full,core,C,Xian Zheng,2015,"Expectation, volatility and liquidity in the housing market",Applied Economics,10.1080/00036846.2015.1023943,I,expectation volatility liquidity AppliedEcon2015,박사
W20,2027-02-22,2027-02-26,석사②,full,core,B,,2015,Listing behaviour in the Italian real estate market,International Journal of Housing Markets and Analysis,10.1108/ijhma-01-2014-0003,I,,학부①
W20,2027-02-22,2027-02-26,석사②,full,core,B,Han L,2016,What is the role of the asking price for a house?,Journal of Urban Economics,10.1016/j.jue.2016.03.008,I,B asking price role,학부①
W20,2027-02-22,2027-02-26,이원석,full,core,A,Onur Koyunoğlu,2026,Digital and Strategic Approaches in Real Estate Marketing in Turkey: An Analysis of Time on Market Based on the Case of Bolu Province,Journal of Real Estate Litterature,10.1080/09277544.2026.2657471,I,A Turkey TOM,학부④
W20,2027-02-22,2027-02-26,학부①,full,core,A/D,,2024,Improving search efficiency in housing markets using online listings,Real Estate Economics,10.1111/1540-6229.12482,I,,석사②
W20,2027-02-22,2027-02-26,학부②,full,core,A,Paloma Taltavull de La Paz,2025,"Apartment prices, the business cycle and time on market: Evidence from Bucharest",International Journal of Strategic Property Management,10.3846/ijspm.2025.23319,I,A TOM Bucharest,학부③
W20,2027-02-22,2027-02-26,학부③,full,core,A/B,Edy Riyanto,2025,Correlation Between Data Adjustment and Property Time on Market: Evidence from Jakarta Indonesia,Jurnal Ilmu Manajemen &amp; Ekonomika,10.35384/jime.v18i1.850,I,A/B data adjustment asking price TOM Jakarta,학부②
W20,2027-02-22,2027-02-26,학부④,full,core,A/D,Filip von Wehrt,2026,Liquidity in housing markets: the effect of news sentiment on time on market,Journal of European Real Estate Research,10.1108/jerer-12-2025-0098,I,A/D news sentiment TOM,이원석
W21,2027-03-01,2027-03-05,박사,full,core,C/D,Ziyou Wang,2016,Fundamentals and Market Sentiment in Housing Market,Housing Theory and Society,10.1080/14036096.2016.1196240,I,sentiment transaction volume,석사①
W21,2027-03-01,2027-03-05,박사,full,core,C/D,Chun Haejung,2016,A study on the impact of changes in consumer sentiment on the housing market in Korea,International Journal of Urban Sciences,10.1080/12265934.2016.1239548,I,consumer sentiment trading volume KR,석사①
W21,2027-03-01,2027-03-05,석사①,full,core,C,Xian Zheng,2016,Does liquidity affect housing market performance? An empirical study with spatial panel approach,Land Use Policy,10.1016/j.landusepol.2016.05.008,I,liquidity and housing market performance spatial panel Land Use Policy,박사
W21,2027-03-01,2027-03-05,석사①,full,core,C,Soosung Hwang,2017,Does illiquidity matter in residential properties?,Applied Economics,10.1080/00036846.2016.1189506,I,illiquidity residential AppliedEcon2016,박사
W21,2027-03-01,2027-03-05,석사②,full,core,B,Shimizu C,2016,House prices at different stages of the buying/selling process,Regional Science and Urban Economics,10.1016/j.regsciurbeco.2016.04.001,I,B prices at stages of process,학부①
W21,2027-03-01,2027-03-05,석사②,full,core,B,Gordon B,2016,The Effect of Listing Price Changes on the Selling Price of Single-Family Residential Homes,The Journal of Real Estate Finance and Economics,10.1007/s11146-016-9558-z,I,B listing price changes,학부①
W21,2027-03-01,2027-03-05,이원석,full,core,C/D,Jae-Man Lim,2017,"Relationship Among News Coverage, Consumers’ Sentiment, Prices, and Trading Volume in Housing Markets",Korean Association for Housing Policy Studies,10.24957/hsr.2017.25.3.01,I,news coverage sentiment price trading volume PVAR KR,학부④
W21,2027-03-01,2027-03-05,학부①,full,core,A,Yicong Liu,2026,Understanding Housing Market Dynamics through a Joint Model of Time-on-Market Duration and Listing Outcome of Residential Property Listings,Journal of urban planning and development,10.1061/jupddm.upeng-5857,I,A joint model TOM outcome,석사②
W21,2027-03-01,2027-03-05,학부②,full,core,A,Hyungkeun Kim,2026,Determinants of Time to Close in Housing Transactions: Evidence from Survival Analysis,Korean Association for Housing Policy Studies,10.24957/hsr.2026.34.2.101,I,A time to close KR 2026,학부③
W21,2027-03-01,2027-03-05,학부③,full,core,A/D,Ziying Fan,2026,Observational Learning and Information Disclosure in Search Markets,Social Science Research Network,10.1287/mnsc.2023.00917,I,observational learning home viewings ManSci2026,학부②
W21,2027-03-01,2027-03-05,학부④,full,core,D,,2023,"Local Experiences, Search, and Spillovers in the Housing Market",The Journal of Finance,10.1111/jofi.13208,I,Gargano Giacoletti Jarnecic (journal version of SSRN R832),이원석
W22,2027-03-08,2027-03-12,박사,full,core,C,Jeehye Kim,2017,The Relationship between Asymmetric Volatility and Trading Volume in the Korean Housing Market,대한경영학회지,10.18032/kaaba.2017.30.11.1935,I,asymmetric volatility and trading volume KR,석사①
W22,2027-03-08,2027-03-12,박사,full,core,C,Smith P,2018,"Institutional Investment, Asset Illiquidity and Post‐Crash Housing Market Dynamics",Real Estate Economics,10.1111/1540-6229.12231,I,C institutional investment illiquidity,석사①
W22,2027-03-08,2027-03-12,석사①,full,core,C,Giannetti A,2018,Home Sales Pair Counts: The<i>Organic</i>Metric for Trading Volume in Housing Markets,Real Estate Economics,10.1111/1540-6229.12269,I,C home sales pair counts volume,박사
W22,2027-03-08,2027-03-12,석사①,full,core,C,I. Tsai,2018,The cause and outcomes of the ripple effect: housing prices and transaction volume,The annals of regional science,10.1007/s00168-018-0870-9,I,C ripple prices volume,박사
W22,2027-03-08,2027-03-12,석사②,full,core,B,Peyman Khezr,2016,Dynamic and Static Asking Prices in the Sydney Housing Market,Economic Record,10.1111/1475-4932.12242,I,dynamic static asking prices Sydney EconRecord2016,학부①
W22,2027-03-08,2027-03-12,석사②,full,core,B,,2016,List Prices in the US Housing Market,The Journal of Real Estate Finance and Economics,10.1007/s11146-016-9555-2,I,,학부①
W22,2027-03-08,2027-03-12,이원석,full,core,C,Taemi Youk,2018,"Intervention Analysis of Apartment Trading Volume in Seoul, Korea",Journal of Real Estate Analysis,10.30902/jrea.2018.4.1.85,I,intervention analysis apartment trading volume Seoul KR,학부④
W22,2027-03-08,2027-03-12,학부①,full,core,D,,2015,Intercity Information Diffusion and Price Discovery in Housing Markets: Evidence from Google Searches,The Journal of Real Estate Finance and Economics,10.1007/s11146-014-9493-9,I,,석사②
W22,2027-03-08,2027-03-12,학부②,full,core,D,,2015,"Online Information Search, Market Fundamentals and Apartment Real Estate",The Journal of Real Estate Finance and Economics,10.1007/s11146-015-9496-1,I,,학부③
W22,2027-03-08,2027-03-12,학부③,full,core,D,Dietzel M,2016,Sentiment-based predictions of housing market turning points with Google trends,International Journal of Housing Markets and Analysis,10.1108/ijhma-12-2014-0058,I,D Google trends turning points,학부②
W22,2027-03-08,2027-03-12,학부④,full,core,D,Marco Pangallo,2018,Home is where the ad is: online interest proxies housing demand,EPJ Data Science,10.1140/epjds/s13688-018-0176-2,I,D online interest housing demand,이원석
W23,2027-03-15,2027-03-19,박사,full,core,C,Huey-Cherng Tsai,2018,Market depth in the UK housing market,Economic Research-Ekonomska Istraživanja,10.1080/1331677x.2018.1429289,I,market depth UK housing,석사①
W23,2027-03-15,2027-03-19,박사,full,core,C,I‐Chun Tsai,2018,INFORMATION CONTENT OF TRANSACTION VOLUME: THE HOUSING MARKET IN THE UNITED KINGDOM,International Journal of Strategic Property Management,10.3846/ijspm.2018.5219,I,information content transaction volume UK,석사①
W23,2027-03-15,2027-03-19,석사①,full,core,C/D,Yun Sik Kim,2018,A Study on the Effects of News Big Data and Google Information Search on Apartment Transaction Volume,Residential Environment Institute Of Korea,10.22313/reik.2018.16.2.411,I,news big data Google search apartment transaction volume KR,박사
W23,2027-03-15,2027-03-19,석사①,full,core,C,Youngsoo Lee,2018,Causality and Predictability of Price-Volume in Housing Market - Evidence from Seoul and Busan Housing Markets -,SH Urban Research & Insight,10.26700/shuri.2018.12.8.3.51,I,price-volume causality Seoul Busan KR (SH Urban Research),박사
W23,2027-03-15,2027-03-19,석사②,full,core,B,Hungria-Gunnelin R,2018,An analysis of auction strategies in apartment sales,Journal of European Real Estate Research,10.1108/jerer-12-2017-0043,I,B auction list price strategies,학부①
W23,2027-03-15,2027-03-19,석사②,full,core,B,,2018,Does Neighborhood Condition Create a Discount Effect on House List Prices? Evidence from Physical Disorder,Journal of Real Estate Research,10.1080/10835547.2018.12091492,I,peripheral list price discount,학부①
W23,2027-03-15,2027-03-19,이원석,full,core,C/D,Sun Young Heo,2019,Consumer Sentiment in On-line Community and the Variation of Real Estate Market,Residential Environment Institute Of Korea,10.22313/reik.2019.17.4.31,I,online community sentiment price transaction volume KR,학부④
W23,2027-03-15,2027-03-19,학부①,full,core,C,박동하,2018,Empirical Analyses of Factors Shaping the Relationship between Housing Price and Trading Volume based on Bounded Rationality,국토연구,10.15793/kspr.2018.97..001,I,factors shaping price-volume relation 국토연구 KR,석사②
W23,2027-03-15,2027-03-19,학부②,full,core,B,Ronan C. Lyons,2019,Can list prices accurately capture housing price trends? Insights from extreme markets conditions,Finance Research Letters,10.1016/j.frl.2018.10.004,I,B list prices vs price trends Ireland,학부③
W23,2027-03-15,2027-03-19,학부③,full,core,B,Lisi G,2019,The search and matching process in the housing market,Journal of European Real Estate Research,10.1108/jerer-02-2019-0003,I,B search matching price dispersion,학부②
W23,2027-03-15,2027-03-19,학부④,full,core,B,Ben-Shahar D,2019,Improved information shock and price dispersion: A natural experiment in the housing market,Journal of Urban Economics,10.1016/j.jue.2019.05.008,I,B price dispersion natural experiment,이원석
W24,2027-03-22,2027-03-26,박사,full,core,C,,2019,The Repeat Time-On-The-Market Index,Journal of Urban Economics,10.1016/j.jue.2019.04.005,I,Carrillo Williams repeat-TOM index — measurement core,석사①
W24,2027-03-22,2027-03-26,박사,full,core,C/D,Kanghyeok Lee,2019,Forecasting Short-Term Housing Transaction Volumes using Time-Series and Internet Search Queries,KSCE Journal of Civil Engineering,10.1007/s12205-019-1926-9,I,internet search queries forecasting transaction volume KSCE,석사①
W24,2027-03-22,2027-03-26,석사①,full,core,C,Chong-Sun Kim,2019,A Study on the Impact of the Trading Volume on Prices & Prices Volatility of Housing Market in Seoul and the Whole Country,공공정책연구,10.37103/kapp.21.3.2,I,trading volume on prices and volatility Seoul 공공정책연구 KR,박사
W24,2027-03-22,2027-03-26,석사①,full,core,C,Elliot Anenberg,2020,ENDOGENOUS SOURCES OF VOLATILITY IN HOUSING MARKETS: THE JOINT BUYER–SELLER PROBLEM,International Economic Review,10.1111/iere.12454,I,C joint buyer-seller volume IER,박사
W24,2027-03-22,2027-03-26,석사②,full,core,B,,2019,Real estate list price anchoring and cognitive ability,International Journal of Housing Markets and Analysis,10.1108/ijhma-08-2018-0060,I,,학부①
W24,2027-03-22,2027-03-26,석사②,full,core,B/D,,2020,House price index based on online listing information: The case of China,Journal of Housing Economics,10.1016/j.jhe.2020.101715,I,,학부①
W24,2027-03-22,2027-03-26,이원석,full,core,C/D,Hae-Jung Chun,2020,"Big Data Time Series Analysis of the Relationship Between News Coverage, Apartment Price and Trading Volume",Korea Association Of Real Estate Law,10.32989/rel.2020.24.2.53,I,news coverage price trading volume VAR KR,학부④
W24,2027-03-22,2027-03-26,학부①,full,core,C,Mustafa Hattapoglu,2020,Hot and cold seasons in Texas housing markets,International Journal of Housing Markets and Analysis,10.1108/ijhma-02-2020-0017,I,C hot cold seasons Texas,석사②
W24,2027-03-22,2027-03-26,학부②,full,core,C,Marcelo Cajias,2020,Liquidity and prices: a cluster analysis of the German residential real estate market,Journal of Business Economics,10.1007/s11573-020-00990-2,I,C liquidity indices German residential,학부③
W24,2027-03-22,2027-03-26,학부③,full,core,C,Cain C,2020,Housing Turnover and Employment Change,Journal of Housing Research,10.1080/10527001.2020.1846401,I,C housing turnover,학부②
W24,2027-03-22,2027-03-26,학부④,full,core,D,Aroul R,2020,"<i>FEAR Index</i>, city characteristics, and housing returns",Real Estate Economics,10.1111/1540-6229.12335,I,D FEAR index search,이원석
W25,2027-03-29,2027-04-02,박사,full,core,C,Yun Kyung Oh,2020,A Study on the Dynamic Causal Relationship between Housing Price and Housing Trading Volume,Residential Environment Institute Of Korea,10.22313/reik.2020.18.1.21,I,dynamic causality housing price and trading volume KR,석사①
W25,2027-03-29,2027-04-02,박사,full,core,C,Han-Kook Cho,2020,A Study on the Interaction of Apartment Price and Transaction Volumein Seoul,부동산학보,10.31303/krear.2020.83.53,I,interaction price and transaction volume Seoul 부동산학보 KR,석사①
W25,2027-03-29,2027-04-02,석사①,full,core,C,Dongha Park,2020,Behavioral Economic Analysis of Housing Transaction Volume,부동산학연구,10.19172/kreaa.26.3.8,I,behavioral economic analysis housing transaction volume 부동산학연구 KR,박사
W25,2027-03-29,2027-04-02,석사①,full,core,C,Murray C,2021,A Housing Supply Absorption Rate Equation,The Journal of Real Estate Finance and Economics,10.1007/s11146-020-09815-z,I,C absorption rate equation,박사
W25,2027-03-29,2027-04-02,석사②,full,core,B,,2020,"Properties that Sell at or above Listing Price: Strategic Pricing, Better Broker or Just Dumb Luck?",The Journal of Real Estate Finance and Economics,10.1007/s11146-019-09714-y,I,,학부①
W25,2027-03-29,2027-04-02,석사②,full,core,B,Velma Zahirovic‐Herbert,2020,Do home sellers know their market? Evidence from neighbourhood sober-living houses,Applied Economics Letters,10.1080/13504851.2020.1782330,I,sellers know market listing price hedonic,학부①
W25,2027-03-29,2027-04-02,이원석,full,core,C,Seungryul Ma,2021,Frequency domain analysis to detect common cycle in housing price and trading volume,Journal of Housing and Urban Finance,10.38100/jhuf.2021.6.2.53,I,common cycle price volume KR,학부④
W25,2027-03-29,2027-04-02,학부①,full,core,D,,2020,"Google Search Queries, Foreclosures, and House Prices",The Journal of Real Estate Finance and Economics,10.1007/s11146-020-09789-y,I,,석사②
W25,2027-03-29,2027-04-02,학부②,full,core,B,Hungria-Gunnelin R,2021,Brokers’ list price setting in an auction context,International Journal of Housing Markets and Analysis,10.1108/ijhma-04-2020-0034,I,B brokers list price auction,학부③
W25,2027-03-29,2027-04-02,학부③,full,core,B,Lo D,2021,Information transparency and pricing strategy in the Scottish housing market,International Journal of Housing Markets and Analysis,10.1108/ijhma-11-2020-0140,I,B transparency pricing strategy Scotland,학부②
W25,2027-03-29,2027-04-02,학부④,full,core,B,Nan Liu,2021,"Market buoyancy, information transparency and pricing strategy in the Scottish housing market",Urban studies,10.1177/0042098021991784,I,B pricing strategy Scottish UrbanStudies,이원석
W26,2027-04-05,2027-04-09,박사,full,core,C,Changro Lee,2021,Forecasting trading volume in local housing markets through a time-series model and a deep learning algorithm,Engineering Construction & Architectural Management,10.1108/ecam-10-2020-0850,I,forecasting trading volume local,석사①
W26,2027-04-05,2027-04-09,박사,full,core,C,Agata Antczak-Stępniak,2021,Absorption Rate as a Tool for Assessing the Dynamics of Development Activity,Folia Oeconomica Stetinensia,10.2478/foli-2021-0013,I,absorption rate development activity,석사①
W26,2027-04-05,2027-04-09,석사①,full,core,C,I‐Chun Tsai,2021,Features of the ripple effect in the US regional housing markets: a viewpoint of nonsynchronous trading,International Journal of Urban Sciences,10.1080/12265934.2021.1925142,I,ripple nonsynchronous trading,박사
W26,2027-04-05,2027-04-09,석사①,full,core,C,Jian Yang,2021,Housing market spillovers through the lens of transaction volume: A new spillover index approach,Journal of Empirical Finance,10.1016/j.jempfin.2021.10.003,I,spillovers transaction volume J Empirical Finance,박사
W26,2027-04-05,2027-04-09,석사②,full,core,B,,2021,Is the behavior of sellers with expected gains and losses relevant to cycles in house prices?,Journal of Housing Economics,10.1016/j.jhe.2021.101750,I,seller list price behavior (full text),학부①
W26,2027-04-05,2027-04-09,석사②,full,core,B,White M,2022,Buyer behaviour and price expectations: a spatial analysis of the Athens residential market,Journal of European Real Estate Research,10.1108/jerer-03-2020-0013,I,B asking prices Athens,학부①
W26,2027-04-05,2027-04-09,이원석,full,core,C,Xue Wang,2022,A Study on the Monthly Effect of Apartment Price and Transaction Volume: Focusing on New Cities in the Metropolitan Area,Journal of the Korea Academia-Industrial cooperation Society,10.5762/kais.2022.23.3.273,I,monthly effect apartment price and transaction volume KR,학부④
W26,2027-04-05,2027-04-09,학부①,full,core,D,Grzegorz Michal Bulczak,2021,Use of Google Trends to Predict the Real Estate Market: Evidence from the United Kingdom,International Real Estate Review,10.53383/100332,I,Google Trends UK IRER,석사②
W26,2027-04-05,2027-04-09,학부②,full,core,C,You-Rong Wang,2022,Credit Policy and Housing Market Liquidity: An Empirical Study in Beijing Based on the TVP-VAR Model,International Journal of Crowd Science,10.26599/ijcs.2022.9100006,I,C credit policy housing liquidity Beijing,학부③
W26,2027-04-05,2027-04-09,학부③,full,core,B,F. Kopsch,2022,The role of list price in transaction outcomes,Nordic Journal of Surveying and Real Estate Research,10.30672/njsr.102913,I,B list price role Nordic,학부②
W26,2027-04-05,2027-04-09,학부④,full,core,D,,2022,Analysis of the Relationship Between COVID-19 Infections and Web-Based Housing Searches,Real Estate Management and Valuation,10.2478/remav-2022-0031,I,,이원석
W27,2027-04-12,2027-04-16,박사,full,core,C,Chang Chen,2022,Experimental Research on the Impact of Interest Rate on Real Estate Market Transactions,Discrete Dynamics in Nature and Society,10.1155/2022/9946703,I?,interest rate RE transactions low-tier (full text),석사①
W27,2027-04-12,2027-04-16,박사,full,core,C,MeiChi Huang,2022,Time‐varying impacts of expectations on housing markets across hot and cold phases,International Finance,10.1111/infi.12408,I,expectations hot cold phases,석사①
W27,2027-04-12,2027-04-16,석사①,full,core,C,Zhang X,2023,"Sale to list ratio, for-sale inventory, sale count, and housing value",International Journal of Housing Markets and Analysis,10.1108/ijhma-08-2023-0113,I,C sale-to-list inventory sale count,박사
W27,2027-04-12,2027-04-16,석사①,full,core,C,Erling Røed Larsen,2023,"House price seasonality, market activity, and the December discount",Real Estate Economics,10.1111/1540-6229.12463,I,C seasonality market activity Norway,박사
W27,2027-04-12,2027-04-16,석사②,full,core,B,Philip Arestis,2022,The effects of reference pricing on housing market: Evidence from Shenzhen China,Panoeconomicus,10.2298/pan220629015a,I,reference pricing Shenzhen list prices transactions Panoeconomicus,학부①
W27,2027-04-12,2027-04-16,석사②,full,core,B,Lawrence Kryzanowski,2022,Signaling effects of recurrent list‐price reductions on the likelihood of house sales,The Journal of Financial Research,10.1111/jfir.12308,I,recurrent list-price reductions likelihood of sale J Financial Research,학부①
W27,2027-04-12,2027-04-16,이원석,full,core,C,Chun Haejung,2023,"Effects of Consumer Sentiment, Interest Rate, and Transaction Volume on Housing Price Using the BVAR",The Journal of Humanities and Social sciences 21,10.22143/hss21.14.2.27,I,sentiment interest rate transaction volume BVAR KR,학부④
W27,2027-04-12,2027-04-16,학부①,full,core,B,Benedetto Manganelli,2023,Interpretation and measurement of the spread between asking and selling prices in the Italian residential market [Interpretazione e misura dello spread tra prezzi richiesti e prezzi di vendita nel mercato residenziale italiano],Valori e Valutazioni,10.48264/vvsiev-20223102,I,B asking-selling spread Italy,석사②
W27,2027-04-12,2027-04-16,학부②,full,core,D,,2023,Predicting Housing Price Trends in Poland: Online Social Engagement - Google Trends,Real Estate Management and Valuation,10.2478/remav-2023-0032,I,,학부③
W27,2027-04-12,2027-04-16,학부③,full,core,B,,2023,"Asymmetric information, signaling, and round listing prices: evidence from China's housing market",Applied Economics,10.1080/00036846.2023.2244252,I,round listing prices,학부②
W27,2027-04-12,2027-04-16,학부④,full,core,B,Hongfei Li,2023,Does Property Return Affect Seller Behavior? An Empirical Study of China’s Real Estate Market,Behavioral Sciences,10.3390/bs13010055,I?,disposition effect seller behavior China (full text),이원석
W28,2027-04-19,2027-04-23,박사,full,core,B/C/D,Kyuseok Kim,2023,A Study on the Impact of Asking Price and Sales Volume on the Real Transaction Price of Apartment using Machine Learning,The Journal of Korean Institute of Information Technology,10.14801/jkiit.2023.21.10.37,I,asking price and listing volume on transaction price ML KR,석사①
W28,2027-04-19,2027-04-23,박사,full,core,B/C,Janusz Sobieraj,2024,Machine Learning Insights: Exploring Key Factors Influencing Sale-to-List Ratio—Insights from SVM Classification and Recursive Feature Selection in the US Real Estate Market,Buildings,10.3390/buildings14051471,I,B/C sale-to-list ratio Zillow ML,석사①
W28,2027-04-19,2027-04-23,석사①,full,core,C,Salov A,2024,Spatial and temporal diffusion of property prices and sales across British regions,International Journal of Housing Markets and Analysis,10.1108/ijhma-09-2023-0118,I,C prices and sales diffusion Britain,박사
W28,2027-04-19,2027-04-23,석사①,full,core,C,Hae-Jung Chun,2024,Dynamic Relationship between Housing Sales Price and Transaction Volume by Housing Type in the Metropolitan Area,The Journal of the Korea Contents Association,10.5392/jkca.2024.24.01.621,I,price-volume dynamics by housing type KR,박사
W28,2027-04-19,2027-04-23,석사②,full,core,B,Hans R. A. Koster,2023,HOUSING MARKET DISCOUNT RATES: EVIDENCE FROM BARGAINING AND BIDDING WARS,International Economic Review,10.1111/iere.12679,I,discount rates bargaining bidding wars IER,학부①
W28,2027-04-19,2027-04-23,석사②,full,core,B,Nguyen H,2024,Impact of Asking Price Signals on House Buyer Behavior: Evidence from Ho Chi Minh City,Journal of Real Estate Literature,10.1080/09277544.2024.2426336,I,B asking price signals HCMC,학부①
W28,2027-04-19,2027-04-23,이원석,full,core,B/C,Seongwon Lee,2025,"Supply decision of existing apartment: Case study of apartment transactions in Gangdong district, Seoul, Korea",International Journal of Strategic Property Management,10.3846/ijspm.2025.23317,I?,supply decision existing apartment Seoul KR (full text),학부④
W28,2027-04-19,2027-04-23,학부①,full,core,D,Gupta R,2024,Housing search activity and quantiles-based predictability of housing price movements in the USA,International Journal of Housing Markets and Analysis,10.1108/ijhma-12-2023-0166,I,D search activity predictability,석사②
W28,2027-04-19,2027-04-23,학부②,full,core,C,Korea Real Estate Society,2024,A Study on the Causality of Housing Price and Trading by Cyclical Variation: Focused on Housing market of Seoul,대한부동산학회지,10.37407/kres.2024.42.1.211,I,causality price and trading cyclical variation KR,학부③
W28,2027-04-19,2027-04-23,학부③,full,core,B,Zi-Qing Yuan,2025,Investors matter when prices are dispersed: the effects of investor activities on housing price dispersion,Humanities and Social Sciences Communications,10.1057/s41599-025-05260-6,I,B price dispersion investors,학부②
W28,2027-04-19,2027-04-23,학부④,full,core,B,Clayton Pilat,2025,Strategic underpricing and time-on-market: evidence from South Australia’s housing market,International Journal of Housing Markets and Analysis,10.1108/ijhma-05-2025-0126,I,B underpricing TOM South Australia,이원석
W29,2027-04-26,2027-04-30,박사,full,core,C,Brasington D,2025,The Effect of Increased Police Spending on House Prices and Sales Volume: A Tale of Two Types of Cities,The Journal of Real Estate Finance and Economics,10.1007/s11146-025-10012-z,I,C police spending sales volume,석사①
W29,2027-04-26,2027-04-30,박사,full,core,C,Zhe Lin,2025,The geographical spillover effect of a house purchase deregulation policy: evidence from a quasi-experiment in China,China Finance Review International,10.1108/cfri-09-2024-0583,I?,HPR deregulation spillover second-hand (full text),석사①
W29,2027-04-26,2027-04-30,석사①,full,core,C,金秀 孙,2025,An Empirical Study of the Impact of Market Sentiment on Housing Turnover,E-Commerce Letters,10.12677/ecl.2025.141419,I?,sentiment housing turnover low-tier,박사
W29,2027-04-26,2027-04-30,석사①,full,core,C,Jian Yang,2025,Housing Market Spillovers in China via Trading Volume: A Comparison of Two Spillover Indexes,Financial Review,10.1111/fire.70004,I,spillovers via trading volume China,박사
W29,2027-04-26,2027-04-30,석사②,full,core,B,H. Nguyen,2025,Buyer behavior under ambiguous price signals: socioeconomic segmentation in a transitional housing market,International Journal of Housing Markets and Analysis,10.1108/ijhma-10-2025-0231,I,ambiguous low asking price signals buyer behavior,학부①
W29,2027-04-26,2027-04-30,석사②,full,core,B,Schmidbauer E,2025,List prices and “hot” real estate markets,Real Estate Economics,10.1111/1540-6229.70013,I,B list prices hot markets,학부①
W29,2027-04-26,2027-04-30,이원석,full,core,C,Y. Oh,2026,A Study on the Typology of the Busan Housing Market Considering Price Differentiation and Transaction Liquidity,Korea Real Estate Society,10.37407/kres.2026.44.3.315,I,C Busan typology KR,학부④
W29,2027-04-26,2027-04-30,학부①,full,core,B,Seiler M,2025,"Do as essay, not as I do? How inflated list prices of unsold essayer homes affect the price discovery process",Real Estate Economics,10.1111/1540-6229.70024,I,B inflated list prices unsold,석사②
W29,2027-04-26,2027-04-30,학부②,full,core,C,Ying- Li Lin,2025,The Impact of Fiscal Policy on Real Estate Transaction Prices and Volumes – A Case Study of Taiwan's Municipalities,International Journal of Arts Humanities & Social Science,10.56734/ijahss.v6n6a9,I?,fiscal policy Taiwan prices volumes (venue check),학부③
W29,2027-04-26,2027-04-30,학부③,full,core,C,Lawrence Kryzanowski,2025,Impact of carbon prices on household behaviors in housing transactions,International Review of Financial Analysis,10.1016/j.irfa.2025.104222,I?,carbon prices housing transactions (full text),학부②
W29,2027-04-26,2027-04-30,학부④,full,core,C,Musa Gün,2025,From Causes to Forecasts: Granger Causality and Machine Learning Predictions of Housing Sales in Türkiye,Istanbul Journal of Economics / İstanbul İktisat Dergisi,10.26650/istjecon2025-1707729,I,housing sales Granger ML Türkiye,이원석
W30,2027-05-03,2027-05-07,박사,full,core,B/C,Yan-Jiang Zhang,2026,Market effects of government reference price for resale housing transactions,International Journal of Strategic Property Management,10.3846/ijspm.2026.25135,I?,reference price policy resale Shenzhen (full text),석사①
W30,2027-05-03,2027-05-07,박사,full,core,C,Hsiu-Tao Teng,2026,Housing Prices and Transaction Volumes in Taiwan Region’s Six Major Cities,Journal of Financial Risk Management,10.4236/jfrm.2026.152007,I,C prices volumes Taiwan,석사①
W30,2027-05-03,2027-05-07,석사①,full,core,B/C,Truong H,2026,When Discounts Fail to Clear: Price–Liquidity Divergence and Selective Shadow Costs in an Opaque Housing Market,Journal of Real Estate Literature,10.1080/09277544.2026.2740376,I,B/C discounts fail to clear,박사
W30,2027-05-03,2027-05-07,석사①,full,core,C,Kang H,2026,"Frozen Markets, Falling Prices: Illiquidity and Bounded Price Discovery in U.S. Neighborhood Housing Markets",The Journal of Real Estate Finance and Economics,10.1007/s11146-026-10080-9,I,C Frozen markets 2026,박사
W30,2027-05-03,2027-05-07,석사②,full,core,B,Toshiyuki Okoshi,2026,Price discounting and seller satisfaction in existing-home transactions: evidence from Japan,International Journal of Housing Markets and Analysis,10.1108/ijhma-01-2026-0019,I,B price discounting negotiation Japan,학부①
W30,2027-05-03,2027-05-07,석사②,full,core,B,H. Truong,2026,Heterogeneous buyers and relative negotiation advantage: how ambiguous price signals reshape transaction outcomes in opaque markets,International Journal of Housing Markets and Analysis,10.1108/ijhma-01-2026-0009,I,ambiguous price signals negotiation advantage,학부①
W30,2027-05-03,2027-05-07,이원석,full,core,C,Chunil Kim,2026,Apartment Transaction Volume and Price Volatility: Construction and Application of a Transaction-Volume-Based Price Uncertainty Index,Housing Finance Research,10.52344/hfr.2026.10.1.133,I,transaction-volume-based index KR,학부④
W30,2027-05-03,2027-05-07,학부①,full,core,D,,2026,From digital search to deed: forecasting UK housing purchases in Spain using Google Trends across the Brexit divide,Journal of European Real Estate Research,10.1108/jerer-07-2025-0060,I,,석사②
W30,2027-05-03,2027-05-07,학부②,full,core,B,,2026,Capitalizing consumer school ratings into residential listing prices: evidence from Greater Houston,International Journal of Housing Markets and Analysis,10.1108/ijhma-07-2026-0273,I,peripheral listing prices (full text),학부③
W30,2027-05-03,2027-05-07,학부③,full,core,C,Mingming Fan,2026,The unintended consequences of credit-easing policies: evidence from the housing market,Applied Economics,10.1080/00036846.2026.2625433,I?,credit-easing Shanghai dynamics (full text),학부②
W30,2027-05-03,2027-05-07,학부④,full,core,B/D,Anqi Xu,2026,Dynamic hierarchical network-based framework for constructing a predictive index of offer–listing price differences in real estate E-commerce,Electronic Commerce Research,10.1007/s10660-026-10107-6,I,predictive index offer-listing price difference,이원석
W31,2027-05-10,2027-05-14,박사,full,core,C,Dat Anh Le,2026,From prediction to explanation for price–volume dynamics in real estate market,Interface Focus,10.1098/rsfs.2025.0069,I,price-volume dynamics explanation,석사①
W31,2027-05-10,2027-05-14,박사,full,core,B/C/D,Juhyeon Park,2026,Does Online Apartment Listing Volume Lead Price Changes?: The Role of Transaction Volume and a Comparison of Sale and Jeonse Markets,Korean Association for Housing Policy Studies,10.24957/hsr.2026.34.3.267,I,online listing volume leads price changes KR,석사①
W31,2027-05-10,2027-05-14,석사①,full,core,C,Morten Haabeth Grindaker,2026,Transaction Sequencing and House Price Pressures,Management Science,10.1287/mnsc.2024.08149,I,transaction sequencing house price pressures Management Science,박사
W31,2027-05-10,2027-05-14,석사①,full,core,B,Antonio Gargano,2026,Cooling Auction Fever: Evidence from the Housing Market,Review of Financial Studies,10.1093/rfs/hhaf101,I,underquoting auctions RFS,박사
W31,2027-05-10,2027-05-14,석사②,full,core,D,Seyoung Yoon,2026,Real Estate News Data by Living District in Seoul Trend Analysis Research Through Topic Modeling and Sentiment Analysis: Focusing on Apartment and Non-Apartment Transaction Volume,정보과학회 컴퓨팅의 실제 논문지,10.5626/ktcp.2026.32.3.89,I,news sentiment and transaction volume topic modeling 정보과학회 KR,학부①
